--
-- PostgreSQL database dump
--

-- Dumped from database version 10.6 (Ubuntu 10.6-0ubuntu0.18.04.1)
-- Dumped by pg_dump version 10.6 (Ubuntu 10.6-0ubuntu0.18.04.1)

SET statement_timeout = 0;
SET lock_timeout = 0;
SET idle_in_transaction_session_timeout = 0;
SET client_encoding = 'UTF8';
SET standard_conforming_strings = on;
SELECT pg_catalog.set_config('search_path', '', false);
SET check_function_bodies = false;
SET client_min_messages = warning;
SET row_security = off;

--
-- Name: plpgsql; Type: EXTENSION; Schema: -; Owner: 
--

CREATE EXTENSION IF NOT EXISTS plpgsql WITH SCHEMA pg_catalog;


--
-- Name: EXTENSION plpgsql; Type: COMMENT; Schema: -; Owner: 
--

COMMENT ON EXTENSION plpgsql IS 'PL/pgSQL procedural language';


SET default_tablespace = '';

SET default_with_oids = false;

--
-- Name: courses; Type: TABLE; Schema: public; Owner: usuario
--

CREATE TABLE public.courses (
    course_id integer NOT NULL,
    name text
);


ALTER TABLE public.courses OWNER TO usuario;

--
-- Name: courses_course_id_seq; Type: SEQUENCE; Schema: public; Owner: usuario
--

CREATE SEQUENCE public.courses_course_id_seq
    AS integer
    START WITH 1
    INCREMENT BY 1
    NO MINVALUE
    NO MAXVALUE
    CACHE 1;


ALTER TABLE public.courses_course_id_seq OWNER TO usuario;

--
-- Name: courses_course_id_seq; Type: SEQUENCE OWNED BY; Schema: public; Owner: usuario
--

ALTER SEQUENCE public.courses_course_id_seq OWNED BY public.courses.course_id;


--
-- Name: professors; Type: TABLE; Schema: public; Owner: usuario
--

CREATE TABLE public.professors (
    prof_id integer NOT NULL,
    name text,
    office character varying
);


ALTER TABLE public.professors OWNER TO usuario;

--
-- Name: professors_prof_id_seq; Type: SEQUENCE; Schema: public; Owner: usuario
--

CREATE SEQUENCE public.professors_prof_id_seq
    AS integer
    START WITH 1
    INCREMENT BY 1
    NO MINVALUE
    NO MAXVALUE
    CACHE 1;


ALTER TABLE public.professors_prof_id_seq OWNER TO usuario;

--
-- Name: professors_prof_id_seq; Type: SEQUENCE OWNED BY; Schema: public; Owner: usuario
--

ALTER SEQUENCE public.professors_prof_id_seq OWNED BY public.professors.prof_id;


--
-- Name: registration; Type: TABLE; Schema: public; Owner: usuario
--

CREATE TABLE public.registration (
    registration_id integer NOT NULL,
    student_id integer NOT NULL,
    course_id integer NOT NULL,
    prof_id integer NOT NULL,
    section text
);


ALTER TABLE public.registration OWNER TO usuario;

--
-- Name: registration_course_id_seq; Type: SEQUENCE; Schema: public; Owner: usuario
--

CREATE SEQUENCE public.registration_course_id_seq
    AS integer
    START WITH 1
    INCREMENT BY 1
    NO MINVALUE
    NO MAXVALUE
    CACHE 1;


ALTER TABLE public.registration_course_id_seq OWNER TO usuario;

--
-- Name: registration_course_id_seq; Type: SEQUENCE OWNED BY; Schema: public; Owner: usuario
--

ALTER SEQUENCE public.registration_course_id_seq OWNED BY public.registration.course_id;


--
-- Name: registration_prof_id_seq; Type: SEQUENCE; Schema: public; Owner: usuario
--

CREATE SEQUENCE public.registration_prof_id_seq
    AS integer
    START WITH 1
    INCREMENT BY 1
    NO MINVALUE
    NO MAXVALUE
    CACHE 1;


ALTER TABLE public.registration_prof_id_seq OWNER TO usuario;

--
-- Name: registration_prof_id_seq; Type: SEQUENCE OWNED BY; Schema: public; Owner: usuario
--

ALTER SEQUENCE public.registration_prof_id_seq OWNED BY public.registration.prof_id;


--
-- Name: registration_registration_id_seq; Type: SEQUENCE; Schema: public; Owner: usuario
--

CREATE SEQUENCE public.registration_registration_id_seq
    AS integer
    START WITH 1
    INCREMENT BY 1
    NO MINVALUE
    NO MAXVALUE
    CACHE 1;


ALTER TABLE public.registration_registration_id_seq OWNER TO usuario;

--
-- Name: registration_registration_id_seq; Type: SEQUENCE OWNED BY; Schema: public; Owner: usuario
--

ALTER SEQUENCE public.registration_registration_id_seq OWNED BY public.registration.registration_id;


--
-- Name: registration_student_id_seq; Type: SEQUENCE; Schema: public; Owner: usuario
--

CREATE SEQUENCE public.registration_student_id_seq
    AS integer
    START WITH 1
    INCREMENT BY 1
    NO MINVALUE
    NO MAXVALUE
    CACHE 1;


ALTER TABLE public.registration_student_id_seq OWNER TO usuario;

--
-- Name: registration_student_id_seq; Type: SEQUENCE OWNED BY; Schema: public; Owner: usuario
--

ALTER SEQUENCE public.registration_student_id_seq OWNED BY public.registration.student_id;


--
-- Name: students; Type: TABLE; Schema: public; Owner: usuario
--

CREATE TABLE public.students (
    student_id integer NOT NULL,
    name text,
    speciality text
);


ALTER TABLE public.students OWNER TO usuario;

--
-- Name: students_student_id_seq; Type: SEQUENCE; Schema: public; Owner: usuario
--

CREATE SEQUENCE public.students_student_id_seq
    AS integer
    START WITH 1
    INCREMENT BY 1
    NO MINVALUE
    NO MAXVALUE
    CACHE 1;


ALTER TABLE public.students_student_id_seq OWNER TO usuario;

--
-- Name: students_student_id_seq; Type: SEQUENCE OWNED BY; Schema: public; Owner: usuario
--

ALTER SEQUENCE public.students_student_id_seq OWNED BY public.students.student_id;


--
-- Name: courses course_id; Type: DEFAULT; Schema: public; Owner: usuario
--

ALTER TABLE ONLY public.courses ALTER COLUMN course_id SET DEFAULT nextval('public.courses_course_id_seq'::regclass);


--
-- Name: professors prof_id; Type: DEFAULT; Schema: public; Owner: usuario
--

ALTER TABLE ONLY public.professors ALTER COLUMN prof_id SET DEFAULT nextval('public.professors_prof_id_seq'::regclass);


--
-- Name: registration registration_id; Type: DEFAULT; Schema: public; Owner: usuario
--

ALTER TABLE ONLY public.registration ALTER COLUMN registration_id SET DEFAULT nextval('public.registration_registration_id_seq'::regclass);


--
-- Name: registration student_id; Type: DEFAULT; Schema: public; Owner: usuario
--

ALTER TABLE ONLY public.registration ALTER COLUMN student_id SET DEFAULT nextval('public.registration_student_id_seq'::regclass);


--
-- Name: registration course_id; Type: DEFAULT; Schema: public; Owner: usuario
--

ALTER TABLE ONLY public.registration ALTER COLUMN course_id SET DEFAULT nextval('public.registration_course_id_seq'::regclass);


--
-- Name: registration prof_id; Type: DEFAULT; Schema: public; Owner: usuario
--

ALTER TABLE ONLY public.registration ALTER COLUMN prof_id SET DEFAULT nextval('public.registration_prof_id_seq'::regclass);


--
-- Name: students student_id; Type: DEFAULT; Schema: public; Owner: usuario
--

ALTER TABLE ONLY public.students ALTER COLUMN student_id SET DEFAULT nextval('public.students_student_id_seq'::regclass);


--
-- Data for Name: courses; Type: TABLE DATA; Schema: public; Owner: usuario
--

COPY public.courses (course_id, name) FROM stdin;
1	Matemática 2
2	Física Química
3	Descriptiva
4	Investigación 1
5	Dibujo
6	English
7	Contabilidad
8	Estadística
9	Matemática 1
10	Introducción a programación
\.


--
-- Data for Name: professors; Type: TABLE DATA; Schema: public; Owner: usuario
--

COPY public.professors (prof_id, name, office) FROM stdin;
1	Carlos Arambulo	CB214
2	Petra Rondinel	CB-110
3	Victor Moncada	CB-120
4	Cesar Fernandez	SC-220
5	Stephanie Heising	AB-104
6	Mirko Rathmann	VQ-104
7	Keil Romero	AK-342
\.


--
-- Data for Name: registration; Type: TABLE DATA; Schema: public; Owner: usuario
--

COPY public.registration (registration_id, student_id, course_id, prof_id, section) FROM stdin;
1	1	1	1	U
2	1	2	2	U
3	1	3	3	W
4	2	4	4	V
5	2	1	1	V
6	2	5	3	U
7	668	6	5	V
8	181	8	7	X
9	694	6	5	X
10	855	9	1	U
11	697	3	3	V
12	398	2	2	U
13	552	1	1	W
14	887	1	1	W
15	618	9	1	X
16	817	10	6	X
17	99	4	4	V
18	775	10	6	V
19	174	5	3	X
20	731	3	3	U
21	760	10	6	X
22	98	10	6	W
23	427	5	3	X
24	913	1	1	X
25	572	6	5	W
26	256	8	7	U
27	128	1	1	U
28	145	9	1	X
29	301	6	5	W
30	169	9	1	U
31	369	6	5	W
32	578	8	7	V
33	629	9	1	X
34	792	4	4	V
35	35	5	3	U
36	941	9	1	X
37	396	3	3	X
38	755	9	1	V
39	758	9	1	W
40	814	9	1	V
41	666	5	3	V
42	38	8	7	V
43	684	2	2	V
44	974	5	3	X
45	888	2	2	U
46	272	3	3	U
47	350	4	4	V
48	207	2	2	X
49	270	5	3	X
50	902	1	1	X
51	377	5	3	U
52	203	9	1	U
53	709	5	3	W
54	354	10	6	V
55	681	2	2	W
56	332	6	5	W
57	781	4	4	X
58	860	2	2	V
59	800	8	7	V
60	861	6	5	V
61	647	4	4	W
62	264	7	7	W
63	638	7	7	W
64	756	7	7	X
65	997	9	1	U
66	496	9	1	X
67	895	10	6	W
68	236	3	3	W
69	281	10	6	V
70	458	8	7	W
71	328	8	7	U
72	226	10	6	X
73	444	8	7	U
74	1000	2	2	U
75	620	4	4	V
76	565	9	1	U
77	667	8	7	W
78	800	4	4	X
79	614	6	5	W
80	954	6	5	W
81	902	8	7	V
82	11	7	7	V
83	172	2	2	W
84	332	4	4	V
85	981	7	7	W
86	980	5	3	W
87	996	2	2	V
88	328	7	7	V
89	37	10	6	W
90	270	1	1	W
91	584	2	2	U
92	728	10	6	V
93	607	7	7	V
94	803	4	4	W
95	557	10	6	W
96	319	7	7	W
97	573	4	4	X
98	511	6	5	X
99	153	1	1	U
100	450	1	1	W
101	916	8	7	V
102	544	6	5	X
103	418	7	7	W
104	447	7	7	U
105	491	6	5	V
106	306	7	7	U
107	340	8	7	W
108	44	7	7	X
109	538	5	3	W
110	82	4	4	W
111	828	6	5	X
112	686	4	4	V
113	978	5	3	X
114	107	3	3	W
115	458	6	5	U
116	152	8	7	U
117	288	1	1	W
118	995	7	7	X
119	982	9	1	W
120	671	5	3	V
121	981	7	7	V
122	742	9	1	V
123	898	10	6	X
124	360	9	1	V
125	815	8	7	U
126	87	7	7	X
127	656	9	1	U
128	573	5	3	U
129	6	5	3	X
130	632	9	1	U
131	160	2	2	W
132	726	1	1	X
133	492	9	1	W
134	431	5	3	X
135	64	6	5	V
136	910	9	1	V
137	208	9	1	U
138	48	6	5	V
139	2	3	3	V
140	705	6	5	U
141	167	5	3	U
142	823	2	2	X
143	609	5	3	U
144	654	5	3	W
145	638	9	1	X
146	237	3	3	V
147	700	5	3	V
148	963	2	2	U
149	649	10	6	X
150	213	5	3	V
151	772	3	3	U
152	957	1	1	W
153	400	8	7	U
154	457	8	7	U
155	929	2	2	V
156	424	10	6	X
157	719	9	1	W
158	977	10	6	V
159	45	2	2	U
160	488	6	5	W
161	306	10	6	U
162	279	6	5	U
163	659	9	1	U
164	700	4	4	U
165	86	2	2	X
166	46	5	3	U
167	283	2	2	X
168	555	1	1	W
169	921	8	7	V
170	589	1	1	W
171	904	2	2	V
172	340	7	7	X
173	319	3	3	V
174	798	1	1	V
175	454	1	1	W
176	178	2	2	U
177	717	3	3	U
178	44	3	3	W
179	463	1	1	X
180	181	8	7	V
181	104	10	6	X
182	391	4	4	W
183	414	10	6	W
184	77	1	1	W
185	885	9	1	U
186	788	4	4	X
187	872	6	5	X
188	205	7	7	U
189	514	9	1	X
190	439	7	7	W
191	338	7	7	W
192	313	6	5	U
193	81	1	1	U
194	670	10	6	X
195	365	8	7	X
196	524	1	1	W
197	928	4	4	V
198	357	5	3	W
199	221	4	4	W
200	81	1	1	W
201	964	8	7	W
202	10	9	1	W
203	518	2	2	U
204	25	7	7	W
205	113	1	1	X
206	144	4	4	X
207	646	8	7	X
208	227	7	7	X
209	927	5	3	V
210	475	2	2	X
211	763	10	6	U
212	840	9	1	W
213	961	9	1	X
214	955	2	2	W
215	295	5	3	V
216	232	7	7	W
217	244	9	1	V
218	655	10	6	X
219	826	2	2	W
220	36	1	1	U
221	508	6	5	U
222	944	2	2	V
223	156	3	3	X
224	781	7	7	W
225	251	10	6	W
226	276	7	7	W
227	122	8	7	V
228	184	10	6	V
229	998	6	5	U
230	351	9	1	X
231	440	1	1	U
232	35	8	7	V
233	40	8	7	U
234	697	6	5	U
235	815	8	7	X
236	119	3	3	V
237	282	8	7	X
238	341	7	7	W
239	708	6	5	W
240	97	5	3	U
241	43	9	1	W
242	402	7	7	U
243	998	9	1	X
244	552	8	7	V
245	833	8	7	U
246	996	4	4	W
247	997	7	7	U
248	362	2	2	X
249	972	4	4	W
250	605	1	1	U
251	78	3	3	W
252	972	7	7	X
253	768	3	3	U
254	800	2	2	U
255	492	10	6	W
256	179	8	7	X
257	913	8	7	U
258	652	5	3	X
259	204	1	1	V
260	131	3	3	X
261	414	7	7	V
262	521	10	6	X
263	361	5	3	V
264	451	1	1	U
265	706	1	1	V
266	586	4	4	X
267	392	9	1	W
268	687	2	2	X
269	938	6	5	V
270	608	10	6	V
271	686	4	4	X
272	807	8	7	U
273	247	3	3	U
274	778	3	3	X
275	640	7	7	V
276	96	8	7	V
277	623	8	7	W
278	704	10	6	U
279	952	7	7	W
280	930	7	7	X
281	467	4	4	X
282	716	4	4	X
283	441	5	3	X
284	805	8	7	V
285	580	8	7	V
286	964	5	3	V
287	308	5	3	V
288	505	6	5	V
289	952	2	2	W
290	206	5	3	W
291	368	3	3	W
292	673	9	1	W
293	54	5	3	U
294	44	2	2	U
295	221	9	1	X
296	355	3	3	U
297	657	5	3	X
298	179	9	1	V
299	285	6	5	V
300	968	10	6	W
301	610	4	4	X
302	659	9	1	W
303	140	9	1	X
304	816	5	3	U
305	667	5	3	W
306	136	8	7	V
307	655	1	1	W
308	760	7	7	V
309	95	10	6	U
310	752	5	3	X
311	47	3	3	V
312	819	9	1	U
313	292	2	2	W
314	479	10	6	U
315	265	5	3	W
316	994	6	5	V
317	393	6	5	U
318	481	3	3	U
319	212	10	6	U
320	266	9	1	X
321	862	4	4	V
322	544	3	3	W
323	578	10	6	V
324	688	1	1	V
325	532	2	2	X
326	876	9	1	X
327	383	10	6	W
328	942	3	3	W
329	634	5	3	X
330	85	6	5	V
331	853	6	5	V
332	53	6	5	W
333	584	1	1	V
334	816	6	5	V
335	270	3	3	U
336	352	4	4	W
337	381	4	4	W
338	228	9	1	X
339	904	4	4	W
340	277	1	1	U
341	859	4	4	X
342	477	3	3	U
343	263	6	5	X
344	101	6	5	W
345	62	4	4	U
346	25	2	2	W
347	808	3	3	V
348	555	4	4	U
349	336	10	6	W
350	593	8	7	X
351	126	8	7	W
352	804	8	7	W
353	167	9	1	U
354	531	9	1	U
355	1001	2	2	V
356	629	9	1	V
357	766	4	4	U
358	965	1	1	V
359	466	2	2	U
360	809	5	3	W
361	306	6	5	X
362	289	1	1	U
363	140	8	7	W
364	288	1	1	V
365	888	5	3	U
366	279	10	6	V
367	559	8	7	X
368	420	3	3	U
369	870	8	7	U
370	135	8	7	W
371	990	5	3	U
372	483	3	3	V
373	576	4	4	V
374	180	3	3	X
375	602	8	7	U
376	463	6	5	X
377	25	7	7	W
378	407	2	2	V
379	993	5	3	U
380	275	3	3	U
381	376	5	3	U
382	398	7	7	U
383	101	4	4	X
384	134	3	3	W
385	432	6	5	X
386	269	3	3	V
387	427	1	1	X
388	249	2	2	U
389	83	9	1	X
390	620	3	3	V
391	704	5	3	U
392	502	10	6	W
393	966	10	6	U
394	500	10	6	V
395	562	6	5	U
396	606	7	7	U
397	129	5	3	W
398	583	1	1	V
399	447	10	6	U
400	461	7	7	V
401	500	10	6	X
402	858	1	1	X
403	284	10	6	X
404	213	10	6	X
405	345	4	4	V
406	434	10	6	V
407	542	2	2	X
408	320	10	6	U
409	683	8	7	V
410	693	6	5	X
411	631	7	7	W
412	906	10	6	X
413	31	8	7	V
414	545	2	2	U
415	725	5	3	U
416	994	8	7	X
417	876	5	3	X
418	391	7	7	U
419	433	6	5	V
420	171	6	5	X
421	509	5	3	W
422	89	1	1	X
423	242	9	1	X
424	138	10	6	U
425	880	5	3	W
426	764	7	7	V
427	588	10	6	V
428	953	7	7	X
429	346	1	1	U
430	909	7	7	X
431	196	2	2	W
432	243	9	1	X
433	34	5	3	W
434	103	9	1	X
435	397	4	4	U
436	481	8	7	X
437	118	6	5	V
438	430	2	2	W
439	456	10	6	X
440	600	10	6	X
441	633	8	7	U
442	285	8	7	U
443	351	8	7	V
444	248	4	4	X
445	329	4	4	U
446	709	10	6	X
447	552	6	5	X
448	305	2	2	V
449	844	9	1	X
450	47	6	5	X
451	140	5	3	V
452	631	1	1	V
453	948	7	7	U
454	314	1	1	V
455	687	10	6	X
456	105	1	1	X
457	237	4	4	U
458	56	8	7	X
459	179	5	3	V
460	220	7	7	W
461	957	6	5	X
462	727	5	3	W
463	992	3	3	W
464	567	1	1	W
465	564	8	7	V
466	207	7	7	X
467	494	4	4	X
468	736	10	6	U
469	11	3	3	V
470	362	1	1	V
471	779	4	4	X
472	515	10	6	W
473	733	9	1	W
474	646	7	7	V
475	121	8	7	V
476	321	2	2	V
477	939	2	2	X
478	250	6	5	W
479	323	8	7	V
480	190	6	5	X
481	219	7	7	X
482	25	2	2	X
483	364	6	5	V
484	34	10	6	W
485	217	10	6	X
486	529	2	2	U
487	300	3	3	W
488	407	5	3	V
489	970	1	1	X
490	853	10	6	V
491	877	5	3	U
492	779	6	5	X
493	623	7	7	W
494	44	3	3	U
495	33	7	7	V
496	779	3	3	W
497	629	9	1	U
498	876	1	1	V
499	393	4	4	W
500	718	2	2	V
501	778	3	3	U
502	502	6	5	U
503	655	1	1	V
504	179	8	7	V
505	128	7	7	X
506	939	3	3	U
507	633	6	5	X
508	375	6	5	X
509	157	5	3	U
510	58	6	5	V
511	392	4	4	X
512	559	2	2	W
513	451	2	2	W
514	295	10	6	W
515	709	4	4	X
516	548	4	4	U
517	541	10	6	X
518	484	3	3	W
519	144	4	4	V
520	182	1	1	V
521	842	1	1	X
522	484	7	7	W
523	852	6	5	X
524	613	1	1	V
525	286	4	4	X
526	94	9	1	W
527	843	3	3	W
528	245	7	7	X
529	92	6	5	V
530	208	3	3	U
531	203	4	4	W
532	136	2	2	V
533	813	8	7	V
534	970	1	1	W
535	911	5	3	U
536	175	10	6	V
537	820	3	3	X
538	727	4	4	W
539	467	8	7	X
540	276	5	3	U
541	502	4	4	W
542	329	6	5	U
543	692	7	7	W
544	210	3	3	W
545	789	6	5	W
546	1000	7	7	X
547	248	3	3	X
548	909	8	7	V
549	226	10	6	U
550	487	9	1	X
551	8	7	7	U
552	935	7	7	X
553	691	6	5	V
554	515	5	3	V
555	800	8	7	X
556	650	3	3	U
557	257	9	1	U
558	881	3	3	W
559	746	4	4	U
560	966	1	1	W
561	104	9	1	V
562	168	6	5	W
563	690	10	6	U
564	935	3	3	X
565	674	3	3	W
566	521	4	4	W
567	396	4	4	V
568	381	10	6	X
569	485	9	1	X
570	286	9	1	U
571	738	2	2	U
572	135	8	7	X
573	719	4	4	W
574	372	5	3	U
575	400	6	5	X
576	961	7	7	U
577	760	1	1	X
578	988	5	3	V
579	474	4	4	W
580	712	3	3	W
581	644	9	1	W
582	6	7	7	W
583	799	8	7	W
584	358	5	3	W
585	853	9	1	W
586	63	5	3	W
587	399	10	6	V
588	303	8	7	V
589	942	7	7	U
590	140	1	1	X
591	515	10	6	W
592	194	1	1	U
593	790	5	3	V
594	655	9	1	X
595	37	5	3	U
596	835	6	5	W
597	504	10	6	V
598	57	2	2	U
599	444	7	7	X
600	840	5	3	X
601	358	9	1	U
602	420	10	6	W
603	189	6	5	X
604	668	4	4	X
605	275	6	5	X
606	165	4	4	W
607	561	3	3	V
608	285	1	1	W
609	702	9	1	W
610	877	9	1	U
611	894	3	3	X
612	896	9	1	W
613	148	10	6	X
614	753	9	1	U
615	679	8	7	U
616	357	10	6	U
617	860	10	6	X
618	554	4	4	V
619	109	9	1	W
620	897	10	6	U
621	436	5	3	X
622	96	4	4	V
623	854	10	6	X
624	908	5	3	W
625	347	5	3	W
626	138	5	3	X
627	40	8	7	X
628	801	2	2	V
629	321	3	3	V
630	374	9	1	V
631	77	9	1	W
632	478	1	1	U
633	534	3	3	W
634	471	9	1	X
635	94	7	7	X
636	588	8	7	W
637	790	4	4	U
638	540	3	3	X
639	436	6	5	X
640	962	3	3	X
641	490	7	7	U
642	176	2	2	U
643	983	10	6	V
644	314	8	7	V
645	113	7	7	X
646	679	3	3	V
647	658	1	1	V
648	102	6	5	U
649	730	8	7	W
650	516	3	3	W
651	417	2	2	W
652	703	2	2	X
653	759	9	1	V
654	492	5	3	V
655	898	1	1	X
656	517	7	7	U
657	344	8	7	W
658	613	10	6	X
659	636	7	7	V
660	815	10	6	U
661	604	2	2	U
662	564	4	4	U
663	37	2	2	V
664	665	2	2	W
665	333	6	5	V
666	546	7	7	W
667	327	1	1	X
668	67	6	5	V
669	772	2	2	V
670	417	3	3	V
671	463	1	1	V
672	780	10	6	U
673	558	5	3	U
674	694	2	2	V
675	927	4	4	U
676	750	9	1	V
677	730	10	6	U
678	451	2	2	U
679	318	2	2	W
680	740	2	2	X
681	274	4	4	X
682	172	2	2	X
683	388	2	2	U
684	970	4	4	U
685	907	4	4	V
686	397	2	2	X
687	940	1	1	X
688	282	10	6	X
689	211	4	4	V
690	875	6	5	X
691	748	1	1	U
692	797	3	3	V
693	318	7	7	V
694	61	4	4	V
695	99	9	1	V
696	711	8	7	X
697	1001	2	2	X
698	141	3	3	V
699	985	2	2	U
700	467	2	2	V
701	285	3	3	V
702	838	5	3	V
703	728	1	1	V
704	560	9	1	V
705	500	6	5	X
706	882	10	6	X
707	846	5	3	U
708	168	10	6	W
709	461	9	1	U
710	392	7	7	W
711	441	9	1	X
712	222	2	2	X
713	624	9	1	X
714	770	4	4	V
715	626	1	1	W
716	154	3	3	W
717	444	10	6	W
718	207	5	3	V
719	366	6	5	U
720	959	4	4	X
721	882	1	1	U
722	735	3	3	V
723	816	8	7	U
724	97	9	1	U
725	377	6	5	X
726	923	4	4	V
727	630	3	3	U
728	469	1	1	U
729	741	10	6	V
730	881	4	4	X
731	365	2	2	V
732	725	1	1	W
733	943	4	4	V
734	758	7	7	V
735	770	10	6	X
736	103	4	4	W
737	762	9	1	U
738	84	1	1	W
739	991	7	7	U
740	681	8	7	X
741	561	7	7	V
742	124	4	4	X
743	17	4	4	W
744	337	9	1	X
745	131	8	7	W
746	135	6	5	U
747	432	6	5	X
748	427	5	3	W
749	611	6	5	U
750	245	3	3	V
751	274	3	3	W
752	329	7	7	V
753	343	8	7	W
754	842	3	3	U
755	555	5	3	V
756	993	8	7	U
757	895	2	2	U
758	572	9	1	W
759	493	1	1	U
760	103	4	4	U
761	600	4	4	X
762	86	10	6	W
763	390	10	6	V
764	195	9	1	W
765	501	2	2	V
766	480	9	1	U
767	446	1	1	X
768	137	9	1	W
769	645	1	1	V
770	932	6	5	W
771	197	7	7	U
772	244	6	5	U
773	636	10	6	V
774	420	7	7	W
775	764	6	5	X
776	390	1	1	U
777	451	1	1	V
778	114	5	3	W
779	791	8	7	X
780	27	3	3	U
781	102	10	6	X
782	994	3	3	V
783	500	3	3	X
784	52	7	7	X
785	78	10	6	V
786	732	4	4	X
787	712	9	1	V
788	238	10	6	W
789	893	1	1	X
790	992	10	6	U
791	696	8	7	W
792	764	8	7	U
793	456	7	7	X
794	22	9	1	V
795	3	2	2	W
796	544	1	1	X
797	927	1	1	X
798	280	4	4	X
799	563	6	5	V
800	902	10	6	V
801	10	6	5	V
802	957	6	5	U
803	673	10	6	W
804	356	6	5	X
805	356	4	4	X
806	84	8	7	W
807	408	4	4	W
808	48	5	3	X
809	723	5	3	X
810	169	7	7	U
811	99	7	7	X
812	851	5	3	W
813	896	5	3	W
814	824	4	4	U
815	306	8	7	U
816	538	1	1	U
817	633	10	6	U
818	825	3	3	X
819	340	5	3	V
820	556	6	5	X
821	579	8	7	X
822	969	2	2	U
823	426	6	5	U
824	838	8	7	X
825	393	10	6	W
826	381	2	2	U
827	451	1	1	X
828	982	7	7	V
829	451	5	3	U
830	706	9	1	X
831	600	2	2	U
832	825	4	4	V
833	247	6	5	V
834	873	4	4	U
835	709	3	3	X
836	1001	8	7	V
837	789	5	3	U
838	703	5	3	U
839	687	4	4	X
840	773	7	7	V
841	561	5	3	V
842	419	9	1	W
843	837	5	3	U
844	974	5	3	X
845	215	10	6	X
846	570	6	5	W
847	711	4	4	X
848	815	2	2	V
849	714	1	1	U
850	331	8	7	V
851	150	4	4	V
852	305	5	3	V
853	375	3	3	U
854	41	1	1	V
855	32	1	1	W
856	97	9	1	X
857	436	1	1	U
858	432	1	1	W
859	269	6	5	U
860	351	1	1	U
861	858	5	3	V
862	856	5	3	X
863	995	9	1	W
864	462	2	2	U
865	840	7	7	V
866	446	7	7	X
867	950	6	5	W
868	725	10	6	W
869	566	10	6	X
870	174	9	1	U
871	509	6	5	W
872	68	7	7	U
873	775	9	1	U
874	353	4	4	X
875	895	5	3	V
876	681	9	1	U
877	243	6	5	U
878	573	3	3	V
879	173	8	7	U
880	481	1	1	X
881	329	9	1	U
882	971	10	6	U
883	70	8	7	U
884	887	7	7	W
885	49	5	3	V
886	659	8	7	X
887	332	10	6	W
888	914	4	4	V
889	474	9	1	W
890	449	7	7	V
891	116	7	7	X
892	415	9	1	X
893	423	9	1	W
894	148	5	3	X
895	348	6	5	U
896	613	3	3	W
897	512	4	4	W
898	307	4	4	V
899	759	7	7	W
900	675	3	3	V
901	387	6	5	V
902	899	1	1	W
903	921	8	7	V
904	655	8	7	U
905	530	10	6	V
906	704	10	6	W
907	425	2	2	U
908	595	7	7	W
909	822	3	3	X
910	281	6	5	U
911	268	6	5	V
912	565	7	7	X
913	745	4	4	V
914	168	10	6	U
915	249	4	4	V
916	503	1	1	V
917	103	10	6	W
918	866	10	6	W
919	435	3	3	W
920	915	4	4	W
921	427	6	5	X
922	969	3	3	W
923	865	4	4	W
924	681	4	4	X
925	476	9	1	U
926	234	5	3	W
927	765	6	5	W
928	697	7	7	V
929	234	6	5	W
930	430	10	6	V
931	808	3	3	V
932	904	2	2	U
933	50	9	1	V
934	860	9	1	W
935	945	8	7	X
936	588	5	3	W
937	958	6	5	X
938	992	9	1	V
939	534	10	6	V
940	978	9	1	X
941	339	9	1	U
942	249	6	5	W
943	56	8	7	W
944	899	9	1	U
945	615	1	1	U
946	581	3	3	V
947	636	5	3	V
948	699	3	3	W
949	201	6	5	X
950	623	6	5	X
951	912	8	7	X
952	940	1	1	X
953	401	5	3	U
954	799	6	5	V
955	266	10	6	X
956	129	8	7	W
957	163	4	4	V
958	238	1	1	W
959	714	9	1	V
960	952	7	7	X
961	368	4	4	W
962	267	8	7	U
963	306	10	6	V
964	560	6	5	V
965	238	3	3	V
966	589	9	1	W
967	19	3	3	W
968	204	4	4	U
969	525	1	1	U
970	3	9	1	W
971	893	9	1	W
972	26	6	5	V
973	149	1	1	V
974	265	9	1	W
975	210	7	7	V
976	1002	3	3	X
977	349	7	7	U
978	938	9	1	X
979	10	6	5	W
980	267	6	5	W
981	335	5	3	V
982	875	4	4	V
983	570	1	1	V
984	285	2	2	U
985	986	3	3	W
986	164	6	5	W
987	355	3	3	W
988	546	4	4	U
989	343	10	6	U
990	197	2	2	X
991	169	1	1	V
992	887	4	4	V
993	466	1	1	V
994	31	9	1	V
995	596	7	7	U
996	27	8	7	V
997	881	2	2	W
998	965	10	6	V
999	569	6	5	W
1000	22	9	1	V
1001	232	6	5	X
1002	111	5	3	V
1003	895	6	5	X
1004	352	4	4	U
1005	103	7	7	X
1006	594	8	7	W
1007	843	6	5	X
1008	407	2	2	X
1009	14	7	7	W
1010	916	3	3	V
1011	511	10	6	W
1012	417	10	6	X
1013	593	9	1	X
1014	954	7	7	U
1015	880	7	7	X
1016	221	5	3	U
1017	43	1	1	V
1018	521	9	1	V
1019	920	8	7	U
1020	299	10	6	V
1021	314	9	1	U
1022	595	7	7	X
1023	899	10	6	X
1024	534	1	1	W
1025	763	1	1	W
1026	572	1	1	X
1027	939	1	1	W
1028	426	6	5	W
1029	705	10	6	X
1030	46	4	4	U
1031	361	3	3	V
1032	876	7	7	W
1033	599	5	3	U
1034	389	3	3	W
1035	530	6	5	X
1036	839	10	6	U
1037	927	7	7	W
1038	177	9	1	W
1039	953	4	4	X
1040	590	7	7	V
1041	932	2	2	X
1042	496	9	1	X
1043	245	4	4	W
1044	19	2	2	W
1045	989	3	3	U
1046	646	9	1	U
1047	930	9	1	X
1048	196	3	3	X
1049	370	6	5	X
1050	97	5	3	U
1051	236	5	3	V
1052	985	1	1	U
1053	325	9	1	W
1054	207	6	5	V
1055	610	4	4	U
1056	895	8	7	U
1057	697	5	3	W
1058	651	2	2	V
1059	359	2	2	V
1060	867	10	6	U
1061	175	4	4	X
1062	640	9	1	W
1063	173	10	6	X
1064	645	8	7	U
1065	965	1	1	W
1066	694	6	5	V
1067	691	5	3	U
1068	556	5	3	U
1069	659	3	3	U
1070	28	9	1	U
1071	348	3	3	W
1072	353	7	7	V
1073	926	1	1	V
1074	985	3	3	X
1075	27	9	1	X
1076	938	6	5	X
1077	116	7	7	U
1078	865	7	7	V
1079	290	5	3	W
1080	908	7	7	U
1081	508	7	7	U
1082	79	7	7	W
1083	34	10	6	V
1084	797	9	1	U
1085	967	10	6	X
1086	566	10	6	W
1087	307	7	7	W
1088	452	1	1	W
1089	115	1	1	X
1090	770	7	7	V
1091	705	4	4	X
1092	242	4	4	W
1093	239	4	4	X
1094	887	3	3	V
1095	233	7	7	X
1096	238	5	3	X
1097	170	2	2	U
1098	635	5	3	U
1099	876	10	6	U
1100	261	3	3	X
1101	299	10	6	V
1102	476	7	7	U
1103	759	3	3	V
1104	429	5	3	W
1105	351	4	4	W
1106	868	3	3	V
1107	22	1	1	W
1108	74	1	1	X
1109	679	8	7	W
1110	716	1	1	V
1111	642	10	6	U
1112	385	9	1	V
1113	185	10	6	W
1114	328	5	3	U
1115	206	9	1	V
1116	366	2	2	U
1117	431	6	5	W
1118	477	3	3	X
1119	277	8	7	V
1120	792	8	7	X
1121	846	4	4	W
1122	237	6	5	X
1123	736	2	2	V
1124	610	5	3	U
1125	811	2	2	W
1126	7	10	6	U
1127	325	5	3	W
1128	186	5	3	X
1129	567	7	7	U
1130	77	1	1	X
1131	301	2	2	W
1132	200	3	3	V
1133	232	6	5	W
1134	473	10	6	W
1135	127	4	4	W
1136	885	4	4	W
1137	658	6	5	U
1138	324	5	3	X
1139	525	10	6	U
1140	915	10	6	V
1141	705	9	1	X
1142	798	6	5	U
1143	400	1	1	X
1144	72	4	4	X
1145	403	1	1	W
1146	915	5	3	W
1147	168	4	4	X
1148	387	1	1	V
1149	403	8	7	W
1150	305	6	5	U
1151	989	7	7	U
1152	678	8	7	W
1153	719	9	1	X
1154	371	1	1	X
1155	588	10	6	X
1156	784	3	3	W
1157	760	6	5	U
1158	344	4	4	U
1159	318	5	3	U
1160	514	3	3	U
1161	331	4	4	U
1162	729	7	7	U
1163	397	4	4	X
1164	833	5	3	W
1165	198	2	2	W
1166	5	9	1	V
1167	600	7	7	W
1168	550	9	1	U
1169	873	9	1	U
1170	980	8	7	W
1171	870	5	3	V
1172	334	3	3	X
1173	776	4	4	X
1174	314	2	2	V
1175	917	4	4	U
1176	984	5	3	W
1177	188	4	4	U
1178	247	3	3	X
1179	172	6	5	V
1180	321	3	3	U
1181	382	2	2	U
1182	63	7	7	V
1183	1	3	3	V
1184	181	4	4	X
1185	86	7	7	W
1186	416	4	4	X
1187	524	2	2	V
1188	485	10	6	U
1189	628	1	1	W
1190	815	9	1	V
1191	971	3	3	W
1192	297	7	7	W
1193	532	8	7	V
1194	890	5	3	U
1195	423	2	2	X
1196	375	6	5	U
1197	655	6	5	X
1198	124	10	6	X
1199	55	10	6	U
1200	140	1	1	V
1201	239	9	1	U
1202	589	7	7	V
1203	468	1	1	V
1204	269	1	1	U
1205	446	10	6	V
1206	252	5	3	U
1207	821	2	2	U
1208	218	4	4	U
1209	157	2	2	X
1210	668	1	1	U
1211	690	1	1	U
1212	434	1	1	W
1213	111	9	1	W
1214	267	8	7	V
1215	256	2	2	W
1216	521	2	2	X
1217	352	3	3	W
1218	481	8	7	U
1219	636	9	1	W
1220	672	3	3	X
1221	310	2	2	U
1222	453	6	5	X
1223	639	1	1	W
1224	26	4	4	W
1225	58	7	7	W
1226	170	9	1	U
1227	621	9	1	X
1228	521	4	4	V
1229	938	8	7	V
1230	29	1	1	U
1231	642	9	1	V
1232	636	5	3	U
1233	223	8	7	U
1234	577	3	3	U
1235	915	9	1	W
1236	75	1	1	U
1237	597	5	3	W
1238	731	4	4	V
1239	571	7	7	U
1240	563	2	2	X
1241	283	5	3	U
1242	320	8	7	V
1243	264	10	6	U
1244	423	7	7	V
1245	218	1	1	V
1246	951	8	7	W
1247	117	8	7	W
1248	108	7	7	U
1249	180	6	5	U
1250	700	4	4	W
1251	881	9	1	U
1252	956	4	4	U
1253	122	8	7	U
1254	43	7	7	W
1255	199	3	3	U
1256	422	4	4	U
1257	808	3	3	V
1258	923	3	3	U
1259	355	8	7	W
1260	318	6	5	V
1261	122	1	1	W
1262	475	4	4	V
1263	60	9	1	U
1264	691	9	1	W
1265	798	9	1	X
1266	520	5	3	X
1267	646	4	4	V
1268	974	6	5	U
1269	194	8	7	V
1270	698	6	5	W
1271	798	4	4	U
1272	717	5	3	W
1273	617	10	6	X
1274	688	10	6	W
1275	568	8	7	V
1276	747	6	5	V
1277	748	10	6	X
1278	646	5	3	W
1279	709	4	4	X
1280	466	9	1	V
1281	91	9	1	U
1282	76	2	2	U
1283	772	2	2	W
1284	158	7	7	U
1285	737	5	3	V
1286	992	7	7	W
1287	796	9	1	X
1288	241	1	1	U
1289	999	9	1	W
1290	79	4	4	X
1291	950	4	4	W
1292	313	10	6	V
1293	843	5	3	W
1294	604	8	7	X
1295	902	5	3	V
1296	734	3	3	U
1297	915	7	7	U
1298	412	9	1	U
1299	258	1	1	W
1300	323	9	1	V
1301	496	3	3	W
1302	960	1	1	W
1303	428	6	5	V
1304	562	4	4	X
1305	755	7	7	U
1306	883	5	3	V
1307	252	5	3	U
1308	775	7	7	U
1309	763	7	7	U
1310	379	3	3	X
1311	55	10	6	V
1312	767	2	2	U
1313	183	9	1	X
1314	1001	4	4	X
1315	377	6	5	U
1316	125	4	4	U
1317	878	1	1	X
1318	654	9	1	W
1319	62	3	3	X
1320	214	3	3	U
1321	612	8	7	X
1322	297	6	5	W
1323	852	5	3	U
1324	911	1	1	W
1325	999	5	3	V
1326	485	5	3	V
1327	1001	6	5	W
1328	494	6	5	X
1329	988	9	1	U
1330	207	4	4	W
1331	802	10	6	V
1332	680	10	6	W
1333	71	2	2	W
1334	995	7	7	W
1335	235	9	1	U
1336	803	2	2	X
1337	172	4	4	W
1338	675	4	4	W
1339	282	10	6	V
1340	724	4	4	U
1341	933	2	2	X
1342	771	9	1	V
1343	630	5	3	U
1344	918	2	2	V
1345	442	2	2	V
1346	880	7	7	V
1347	788	10	6	X
1348	770	5	3	X
1349	449	8	7	U
1350	860	9	1	V
1351	223	8	7	V
1352	265	6	5	X
1353	931	3	3	V
1354	68	3	3	W
1355	27	5	3	U
1356	358	5	3	U
1357	977	6	5	X
1358	829	5	3	U
1359	660	3	3	X
1360	808	7	7	W
1361	308	7	7	U
1362	614	9	1	W
1363	517	5	3	W
1364	720	4	4	W
1365	483	8	7	U
1366	39	2	2	W
1367	186	7	7	U
1368	840	6	5	W
1369	332	6	5	V
1370	678	7	7	V
1371	948	9	1	U
1372	204	10	6	U
1373	88	2	2	U
1374	324	7	7	U
1375	515	5	3	U
1376	731	6	5	W
1377	78	3	3	U
1378	392	10	6	W
1379	239	1	1	X
1380	254	1	1	U
1381	407	9	1	X
1382	416	9	1	U
1383	62	7	7	U
1384	225	10	6	X
1385	161	6	5	V
1386	244	2	2	W
1387	740	8	7	V
1388	405	8	7	V
1389	295	1	1	V
1390	177	10	6	V
1391	290	9	1	V
1392	768	2	2	X
1393	500	6	5	X
1394	712	5	3	W
1395	997	7	7	W
1396	924	10	6	V
1397	196	8	7	W
1398	495	1	1	X
1399	481	8	7	W
1400	652	9	1	X
1401	109	2	2	W
1402	842	2	2	V
1403	367	7	7	X
1404	73	9	1	W
1405	6	7	7	U
1406	910	7	7	W
1407	16	6	5	X
1408	456	7	7	W
1409	472	7	7	V
1410	601	4	4	X
1411	422	10	6	U
1412	518	4	4	V
1413	150	3	3	V
1414	678	5	3	X
1415	53	10	6	V
1416	288	2	2	U
1417	775	1	1	X
1418	727	6	5	U
1419	910	2	2	U
1420	323	8	7	U
1421	575	7	7	U
1422	939	9	1	U
1423	131	4	4	U
1424	679	1	1	V
1425	19	4	4	V
1426	827	5	3	V
1427	425	8	7	U
1428	777	1	1	V
1429	999	7	7	W
1430	967	3	3	V
1431	554	10	6	X
1432	780	10	6	V
1433	357	10	6	W
1434	17	2	2	U
1435	784	4	4	X
1436	325	3	3	U
1437	406	1	1	U
1438	781	3	3	W
1439	55	8	7	U
1440	262	9	1	X
1441	75	4	4	U
1442	708	4	4	U
1443	438	6	5	W
1444	512	5	3	X
1445	598	3	3	W
1446	936	4	4	W
1447	905	3	3	W
1448	424	1	1	X
1449	403	5	3	W
1450	573	5	3	W
1451	406	3	3	V
1452	103	9	1	X
1453	317	8	7	U
1454	362	4	4	W
1455	732	4	4	U
1456	259	5	3	V
1457	313	8	7	V
1458	159	5	3	W
1459	258	8	7	U
1460	936	1	1	U
1461	308	10	6	U
1462	801	3	3	U
1463	500	5	3	V
1464	939	2	2	X
1465	678	4	4	V
1466	831	9	1	U
1467	41	1	1	W
1468	372	8	7	V
1469	268	3	3	W
1470	241	5	3	W
1471	987	2	2	W
1472	619	8	7	W
1473	403	5	3	V
1474	223	6	5	W
1475	730	1	1	U
1476	274	3	3	X
1477	880	2	2	X
1478	652	7	7	X
1479	758	4	4	U
1480	249	7	7	W
1481	772	2	2	V
1482	797	5	3	U
1483	67	2	2	U
1484	546	9	1	U
1485	382	5	3	X
1486	867	4	4	U
1487	571	5	3	X
1488	326	8	7	X
1489	175	2	2	U
1490	965	7	7	U
1491	848	2	2	V
1492	696	10	6	U
1493	287	2	2	V
1494	376	4	4	W
1495	925	4	4	X
1496	429	6	5	U
1497	203	6	5	W
1498	793	4	4	X
1499	536	9	1	W
1500	324	8	7	V
1501	619	7	7	V
1502	186	8	7	W
1503	280	2	2	W
1504	49	8	7	X
1505	531	10	6	U
1506	362	5	3	W
1507	97	10	6	X
1508	290	6	5	X
1509	336	2	2	X
1510	297	10	6	W
1511	578	2	2	W
1512	58	3	3	V
1513	984	7	7	X
1514	274	1	1	U
1515	235	10	6	X
1516	794	10	6	U
1517	762	2	2	X
1518	396	2	2	U
1519	991	10	6	U
1520	846	4	4	W
1521	515	7	7	X
1522	909	5	3	U
1523	595	2	2	V
1524	413	8	7	W
1525	778	2	2	X
1526	885	3	3	W
1527	503	7	7	X
1528	482	6	5	X
1529	966	2	2	V
1530	108	4	4	W
1531	933	10	6	U
1532	732	4	4	W
1533	553	3	3	W
1534	61	9	1	W
1535	223	10	6	U
1536	710	5	3	U
1537	487	3	3	W
1538	185	1	1	U
1539	754	8	7	U
1540	226	7	7	W
1541	69	9	1	W
1542	737	10	6	V
1543	694	10	6	U
1544	543	1	1	V
1545	989	1	1	X
1546	154	6	5	U
1547	713	8	7	W
1548	63	2	2	W
1549	513	2	2	V
1550	809	10	6	U
1551	640	3	3	U
1552	576	4	4	W
1553	763	10	6	W
1554	167	10	6	W
1555	722	7	7	X
1556	825	3	3	V
1557	526	1	1	V
1558	85	1	1	U
1559	202	3	3	W
1560	588	3	3	V
1561	74	8	7	V
1562	564	8	7	X
1563	511	4	4	X
1564	933	3	3	U
1565	606	9	1	V
1566	103	10	6	W
1567	423	1	1	V
1568	194	10	6	X
1569	271	6	5	X
1570	450	9	1	U
1571	917	6	5	W
1572	3	10	6	X
1573	493	1	1	X
1574	543	10	6	W
1575	998	4	4	U
1576	605	3	3	X
1577	515	8	7	X
1578	51	10	6	V
1579	298	2	2	V
1580	349	9	1	W
1581	71	8	7	V
1582	355	10	6	W
1583	521	6	5	U
1584	590	1	1	U
1585	991	9	1	U
1586	591	8	7	U
1587	304	10	6	U
1588	966	6	5	X
1589	400	2	2	U
1590	22	10	6	X
1591	253	2	2	W
1592	325	6	5	V
1593	432	7	7	V
1594	809	2	2	V
1595	84	7	7	X
1596	296	9	1	W
1597	382	2	2	V
1598	996	8	7	W
1599	739	8	7	V
1600	678	9	1	V
1601	853	8	7	W
1602	107	10	6	X
1603	695	3	3	V
1604	114	3	3	U
1605	303	5	3	V
1606	64	6	5	V
1607	919	10	6	U
1608	191	4	4	V
1609	228	7	7	X
1610	479	7	7	U
1611	391	4	4	W
1612	738	10	6	W
1613	593	8	7	U
1614	3	1	1	X
1615	850	6	5	W
1616	689	5	3	X
1617	870	6	5	W
1618	351	8	7	X
1619	475	10	6	W
1620	286	1	1	W
1621	307	2	2	V
1622	603	7	7	U
1623	465	5	3	V
1624	851	5	3	W
1625	544	3	3	W
1626	108	10	6	U
1627	263	2	2	V
1628	679	3	3	U
1629	421	1	1	V
1630	314	5	3	U
1631	486	8	7	X
1632	538	3	3	U
1633	48	7	7	V
1634	570	9	1	U
1635	67	2	2	W
1636	731	6	5	W
1637	397	2	2	U
1638	662	6	5	V
1639	734	4	4	U
1640	901	2	2	W
1641	982	4	4	V
1642	629	2	2	V
1643	831	9	1	V
1644	363	1	1	X
1645	849	8	7	U
1646	967	5	3	X
1647	583	2	2	U
1648	143	9	1	X
1649	412	9	1	X
1650	105	7	7	U
1651	459	10	6	V
1652	327	4	4	V
1653	452	10	6	X
1654	233	6	5	X
1655	130	9	1	W
1656	49	6	5	V
1657	801	8	7	U
1658	224	3	3	U
1659	795	3	3	V
1660	419	3	3	V
1661	419	3	3	W
1662	922	1	1	W
1663	922	4	4	X
1664	154	10	6	V
1665	505	2	2	U
1666	696	7	7	V
1667	307	5	3	W
1668	146	5	3	X
1669	30	8	7	W
1670	423	8	7	U
1671	386	5	3	W
1672	398	1	1	X
1673	719	2	2	U
1674	351	7	7	V
1675	899	1	1	U
1676	322	1	1	V
1677	906	5	3	V
1678	423	1	1	W
1679	17	6	5	V
1680	451	7	7	X
1681	269	8	7	V
1682	430	8	7	W
1683	185	2	2	W
1684	31	8	7	W
1685	739	7	7	U
1686	147	10	6	U
1687	432	1	1	U
1688	372	2	2	X
1689	852	8	7	U
1690	919	6	5	W
1691	261	3	3	V
1692	161	1	1	V
1693	17	5	3	X
1694	351	1	1	V
1695	517	1	1	V
1696	710	4	4	W
1697	412	3	3	U
1698	856	4	4	X
1699	944	5	3	V
1700	107	10	6	X
1701	787	2	2	V
1702	280	3	3	V
1703	82	3	3	U
1704	589	5	3	X
1705	671	4	4	W
1706	19	10	6	W
1707	845	6	5	X
1708	312	2	2	W
1709	909	1	1	X
1710	768	8	7	W
1711	952	3	3	W
1712	55	9	1	U
1713	569	7	7	X
1714	907	7	7	W
1715	582	3	3	X
1716	631	6	5	U
1717	996	10	6	X
1718	525	9	1	U
1719	908	9	1	V
1720	328	2	2	X
1721	644	3	3	U
1722	777	5	3	W
1723	959	5	3	U
1724	386	4	4	X
1725	888	8	7	U
1726	211	8	7	V
1727	527	10	6	V
1728	402	10	6	X
1729	469	1	1	W
1730	992	5	3	W
1731	110	4	4	U
1732	583	3	3	V
1733	848	3	3	W
1734	141	2	2	X
1735	679	4	4	X
1736	217	9	1	V
1737	87	6	5	V
1738	454	7	7	X
1739	623	5	3	W
1740	19	10	6	U
1741	785	9	1	V
1742	281	7	7	U
1743	113	5	3	V
1744	902	10	6	V
1745	841	3	3	W
1746	634	10	6	W
1747	523	5	3	V
1748	572	5	3	X
1749	609	9	1	W
1750	575	4	4	U
1751	133	6	5	X
1752	540	5	3	V
1753	537	4	4	W
1754	575	6	5	X
1755	430	9	1	V
1756	20	2	2	X
1757	629	8	7	U
1758	164	8	7	X
1759	477	10	6	U
1760	253	4	4	X
1761	581	7	7	V
1762	479	8	7	U
1763	145	4	4	X
1764	482	3	3	X
1765	807	1	1	U
1766	459	4	4	X
1767	791	10	6	X
1768	550	1	1	V
1769	912	3	3	X
1770	391	1	1	W
1771	33	6	5	V
1772	750	7	7	V
1773	481	8	7	W
1774	494	3	3	W
1775	324	4	4	V
1776	103	10	6	W
1777	481	3	3	V
1778	289	1	1	W
1779	110	6	5	V
1780	911	8	7	V
1781	798	8	7	U
1782	883	3	3	X
1783	89	4	4	W
1784	509	3	3	X
1785	661	1	1	U
1786	760	5	3	U
1787	435	1	1	W
1788	563	1	1	W
1789	680	7	7	V
1790	191	2	2	W
1791	208	7	7	X
1792	616	8	7	U
1793	495	5	3	V
1794	177	9	1	X
1795	203	3	3	V
1796	990	7	7	W
1797	600	10	6	X
1798	306	3	3	U
1799	84	7	7	W
1800	149	7	7	V
1801	198	2	2	W
1802	452	9	1	V
1803	785	7	7	W
1804	12	1	1	U
1805	621	4	4	U
1806	958	2	2	V
1807	358	1	1	W
1808	154	7	7	W
1809	361	5	3	W
1810	169	8	7	U
1811	540	9	1	X
1812	305	3	3	U
1813	946	3	3	U
1814	536	4	4	V
1815	950	7	7	V
1816	961	7	7	U
1817	872	5	3	X
1818	367	7	7	V
1819	573	7	7	V
1820	665	10	6	U
1821	373	10	6	U
1822	917	8	7	V
1823	482	8	7	V
1824	304	3	3	V
1825	553	1	1	V
1826	248	3	3	W
1827	736	5	3	W
1828	421	4	4	U
1829	63	9	1	V
1830	146	9	1	U
1831	794	2	2	U
1832	942	3	3	U
1833	334	7	7	U
1834	596	6	5	W
1835	839	7	7	U
1836	273	8	7	W
1837	307	9	1	V
1838	226	5	3	V
1839	862	10	6	V
1840	906	5	3	V
1841	11	4	4	V
1842	11	7	7	W
1843	179	5	3	U
1844	60	10	6	W
1845	821	2	2	V
1846	235	2	2	W
1847	268	2	2	X
1848	642	4	4	X
1849	840	7	7	U
1850	259	5	3	U
1851	853	10	6	X
1852	671	5	3	U
1853	61	6	5	V
1854	60	1	1	X
1855	31	10	6	W
1856	401	8	7	X
1857	853	7	7	V
1858	965	3	3	W
1859	360	8	7	U
1860	285	5	3	W
1861	252	9	1	X
1862	902	4	4	X
1863	702	7	7	X
1864	154	5	3	X
1865	337	2	2	V
1866	716	9	1	W
1867	151	8	7	U
1868	498	6	5	U
1869	726	9	1	X
1870	779	2	2	U
1871	229	9	1	W
1872	751	3	3	V
1873	6	4	4	V
1874	380	7	7	W
1875	771	2	2	X
1876	325	4	4	W
1877	685	4	4	V
1878	870	3	3	V
1879	553	2	2	X
1880	182	9	1	W
1881	589	9	1	X
1882	634	8	7	W
1883	493	9	1	W
1884	294	10	6	X
1885	271	7	7	W
1886	281	3	3	V
1887	994	6	5	W
1888	357	2	2	U
1889	309	4	4	X
1890	309	5	3	U
1891	275	10	6	V
1892	243	2	2	W
1893	377	8	7	V
1894	570	4	4	W
1895	969	10	6	V
1896	584	3	3	U
1897	671	7	7	W
1898	728	4	4	X
1899	683	7	7	V
1900	149	5	3	U
1901	545	1	1	V
1902	338	8	7	U
1903	670	7	7	X
1904	78	7	7	X
1905	533	3	3	V
1906	939	8	7	U
1907	181	9	1	V
1908	701	5	3	X
1909	600	10	6	X
1910	487	1	1	W
1911	520	8	7	X
1912	107	6	5	U
1913	377	2	2	V
1914	205	4	4	W
1915	315	8	7	U
1916	220	2	2	U
1917	739	5	3	U
1918	416	5	3	U
1919	819	3	3	X
1920	180	8	7	U
1921	580	3	3	W
1922	257	6	5	U
1923	601	1	1	X
1924	41	8	7	X
1925	324	1	1	X
1926	301	4	4	W
1927	774	7	7	V
1928	520	8	7	U
1929	150	8	7	W
1930	783	8	7	X
1931	206	7	7	W
1932	218	5	3	W
1933	67	3	3	W
1934	461	1	1	U
1935	875	3	3	U
1936	146	10	6	W
1937	664	8	7	V
1938	480	3	3	U
1939	263	1	1	X
1940	188	9	1	U
1941	706	3	3	X
1942	836	4	4	U
1943	219	6	5	U
1944	309	7	7	X
1945	665	2	2	U
1946	466	4	4	V
1947	578	1	1	X
1948	466	10	6	W
1949	941	5	3	W
1950	546	10	6	X
1951	861	9	1	U
1952	738	1	1	W
1953	875	1	1	W
1954	756	10	6	V
1955	731	10	6	W
1956	436	8	7	V
1957	458	5	3	U
1958	202	4	4	V
1959	565	10	6	X
1960	199	6	5	U
1961	308	2	2	V
1962	797	5	3	X
1963	442	5	3	X
1964	760	2	2	V
1965	452	8	7	V
1966	803	2	2	X
1967	274	2	2	V
1968	321	5	3	V
1969	613	2	2	W
1970	879	1	1	V
1971	550	10	6	X
1972	435	7	7	V
1973	759	10	6	U
1974	328	1	1	W
1975	367	6	5	W
1976	902	7	7	V
1977	668	6	5	V
1978	221	5	3	X
1979	314	10	6	X
1980	826	6	5	V
1981	153	1	1	U
1982	304	9	1	U
1983	816	5	3	W
1984	648	9	1	V
1985	984	8	7	X
1986	637	10	6	X
1987	401	8	7	X
1988	971	6	5	V
1989	318	5	3	X
1990	448	2	2	X
1991	5	2	2	V
1992	400	9	1	X
1993	629	9	1	V
1994	801	7	7	X
1995	779	9	1	W
1996	67	3	3	W
1997	164	8	7	V
1998	511	1	1	W
1999	565	10	6	X
2000	714	4	4	W
2001	716	3	3	U
2002	172	5	3	U
2003	229	7	7	X
2004	810	3	3	U
2005	418	7	7	W
2006	748	10	6	W
2007	686	1	1	V
2008	93	5	3	W
2009	432	5	3	U
2010	685	2	2	W
2011	21	2	2	X
2012	860	4	4	X
2013	155	4	4	W
2014	591	3	3	W
2015	33	3	3	V
2016	116	7	7	V
2017	321	1	1	V
2018	934	5	3	X
2019	951	2	2	X
2020	365	2	2	W
2021	482	5	3	X
2022	745	6	5	W
2023	772	2	2	U
2024	535	3	3	X
2025	797	6	5	W
\.


--
-- Data for Name: students; Type: TABLE DATA; Schema: public; Owner: usuario
--

COPY public.students (student_id, name, speciality) FROM stdin;
1	Luis Zuloaga	Industrial
2	Raúl Rojas	Sistemas
3	Julio César Almanza Nieto	Eléctrica
4	Juan Vallejo Tafoya	Ambiental
5	Sara Figueroa Negrete	Aeroespacial
6	Conchita Montaño Pantoja	Agrícola
7	Sra. Patricia Quesada Chavarría	Agrícola
8	Juana Peña Trejo	Química
9	Claudio Gallardo Valle	Aeroespacial
10	Sra. Armando Tello Dávila	Ambiental
11	Esteban Narváez Centeno	Sistemas
12	Timoteo Gonzales Valverde	Producción
13	Sra. Gilberto Loera Guajardo	Agrícola
14	Sra. Ramiro Montemayor Lovato	Mecánica
15	Clara Loera González	Ambiental
16	Clara Alonso Castillo	Agrícola
17	Manuel Díaz Mondragón	Aeroespacial
18	Jorge Luis Urrutia Rincón	Biomédica
19	Roberto Roybal Ceja	Química
20	Sra. Micaela Casillas Chavarría	Biomédica
21	Sra. Anita Paz Solorio	Química
22	Mónica Quezada Piña	Agrícola
23	Mariano Agosto Pacheco	Química
24	Marilu Lugo Villanueva	Biomédica
25	Elsa Salcedo Duran	Mecatrónica
26	Fernando Juárez Sanabria	Mecánica
27	Rosalia Saiz Castellanos	Mecatrónica
28	Sr. Pablo Bermúdez Lozano	Ambiental
29	Marcos Barrera Ulibarri	Aeroespacial
30	Elvira Muñoz Valdivia	Mecánica
31	Clara Verduzco Serrato	Aeroespacial
32	Federico Montañez Villagómez	Ambiental
33	Clemente Torres Cruz	Eléctrica
34	Federico Sosa Montes	Sistemas
35	Soledad Zamudio Peralta	Agrícola
36	Clemente Bahena Alonzo	Biomédica
37	Conchita Marín Rico	Química
38	Elena Tello Piña	Mecatrónica
39	Juan Carlos Fonseca Quiñones	Química
40	Marco Antonio Mojica Verdugo	Agrícola
41	Cristian Corrales Arguello	Civil
42	Timoteo Beltrán Contreras	Química
43	Sr. Luisa Moreno Ramón	Aeroespacial
44	Barbara Serrano Mayorga	Mecánica
45	Sta. Ignacio Hernández Rosas	Biomédica
46	Juan Carlos Cedillo Elizondo	Eléctrica
47	Carlos Montañez Alanis	Química
48	Sra. Patricia Mata Toledo	Agrícola
49	Gerardo Mojica Covarrubias	Sistemas
50	Gilberto Roybal Montes	Mecánica
51	Sra. Pilar Valdivia Dávila	Aeroespacial
52	Sr. Rodrigo Bravo Cano	Ambiental
53	Susana Velázquez Saldaña	Producción
54	Sra. Claudio Olivas Páez	Mecatrónica
55	Jorge Luis Collazo Covarrubias	Mecánica
56	Sr. Adriana Almonte Ocasio	Producción
57	Rocio Prado Gastélum	Biomédica
58	Sta. Marta López Yáñez	Ambiental
59	Clemente Casárez Zarate	Mecatrónica
60	Caridad Monroy Ontiveros	Eléctrica
61	Berta Alfaro Gaona	Aeroespacial
62	Fernando Loera Nazario	Química
63	Sra. Jaime Gaytán Domínguez	Biomédica
64	Yolanda Rodarte Aragón	Química
65	Virginia Osorio Valenzuela	Mecatrónica
66	Mariano Laboy Alvarez	Mecánica
67	Sr. Cecilia Mares Olivares	Ambiental
68	Manuel Toro Vaca	Producción
69	Guillermo Páez Saiz	Mecánica
70	Diego Zayas Salinas	Eléctrica
71	Catalina Ballesteros Nájera	Civil
72	Rosalia Zelaya Galindo	Mecatrónica
73	Elsa Navarro Lucero	Mecatrónica
74	Gregorio Castillo Cornejo	Producción
75	Agustín Figueroa Aranda	Sistemas
76	Marisol Cervántez Madrigal	Mecánica
77	Lucas Urbina Gamboa	Sistemas
78	Sta. Fernando Quiñónez Munguía	Biomédica
79	Gregorio Villegas Lara	Aeroespacial
80	Sr. Claudia Ornelas Marín	Sistemas
81	Victoria Carrion Rascón	Mecánica
82	Victoria Laureano Ontiveros	Química
83	Guillermo Pichardo Adorno	Biomédica
84	Gloria Lemus Velázquez	Química
85	Gloria Anguiano Bueno	Civil
86	Cristobal Rodríguez Paz	Agrícola
87	Virginia Manzanares Torres	Agrícola
88	Norma Mondragón Carrion	Aeroespacial
89	Juan Valadez Jimínez	Ambiental
90	María Soledad Ballesteros Barragán	Producción
91	Pilar Urbina Soliz	Producción
92	Federico Marrero Camacho	Aeroespacial
93	Isabela Barrientos Rodríguez	Civil
94	Julio Mota Jáquez	Civil
95	Julia Alva Bonilla	Mecatrónica
96	Benjamín Botello Guerra	Civil
97	Rafael Ramírez Montoya	Mecánica
98	Guillermina Chavarría Arguello	Civil
99	Sr. Adela Saiz Vergara	Ambiental
100	Sra. María Eugenia Bernal Valverde	Mecatrónica
101	Mateo Holguín Maestas	Química
102	Teresa Sedillo Grijalva	Biomédica
103	Adán Viera Cardenas	Mecatrónica
104	Ignacio Castellanos Oquendo	Civil
105	Natalia Corral Paz	Biomédica
106	Raúl Montañez Santacruz	Mecatrónica
107	Sr. Elvira Regalado Sevilla	Sistemas
108	Sra. Conchita Barrientos Prado	Sistemas
109	Andrea Marroquín Toledo	Aeroespacial
110	Sr. Adela Camarillo Lozada	Producción
111	Óscar Vásquez Segura	Aeroespacial
112	Gabriel Rendón González	Ambiental
113	Jacobo Arenas Benítez	Mecatrónica
114	Marcos Posada Ríos	Civil
115	Pablo Ornelas Alfaro	Química
116	Enrique Ramírez Domínquez	Agrícola
117	Sra. Gilberto Arroyo Delapaz	Ambiental
118	Sta. María Elena Velázquez Zambrano	Eléctrica
119	María Cristina Mejía Páez	Aeroespacial
120	Salvador Peralta Pedroza	Química
121	Susana Alcaraz Carrion	Aeroespacial
122	Sta. Agustín Corona Peralta	Mecánica
123	Rebeca Toro Aguirre	Agrícola
124	Guillermo Sisneros Olvera	Mecánica
125	Ariadna Serrato Cordero	Ambiental
126	Homero Frías Barragán	Agrícola
127	Sr. Carlota Grijalva Brito	Civil
128	César Santacruz Soto	Mecatrónica
129	Mónica Ruiz Meraz	Eléctrica
130	Dolores Roque Ulloa	Civil
131	Sra. Sonia Mejía Uribe	Biomédica
132	Lorenzo Ballesteros Puga	Ambiental
133	Emilia Ayala Salinas	Agrícola
134	Dorotea Casas Almanza	Mecánica
135	Sonia Casares Carbajal	Química
136	María Guardado Tamez	Biomédica
137	Elvira Montes Sandoval	Biomédica
138	Benjamín Gálvez Lira	Aeroespacial
139	Carlos Caballero Meraz	Química
140	Javier Alcaraz Caraballo	Civil
141	Luisa Granado Carrillo	Aeroespacial
142	Homero Sisneros Mondragón	Aeroespacial
143	Luis Arredondo Alemán	Civil
144	Sta. Jerónimo Armendáriz Franco	Producción
145	Samuel Rendón Aguirre	Sistemas
146	Jorge Reyna Puente	Civil
147	Inés Mendoza Cisneros	Civil
148	Graciela Almaraz Valenzuela	Mecánica
149	Sra. Francisca Roybal Saldaña	Ambiental
150	Leticia Casárez Aguayo	Biomédica
151	Sr. Elena Ocampo Montemayor	Ambiental
152	Rosa Urbina Méndez	Mecatrónica
153	Sofia Arellano Castellanos	Biomédica
154	Esteban Saiz Espinal	Mecatrónica
155	Sr. Daniel Esparza Vigil	Eléctrica
156	Sta. Miguel Ángel Zambrano Ochoa	Química
157	Andrés Irizarry Vásquez	Civil
158	Sonia Leal Robledo	Química
159	Sr. Florencia Ortiz González	Eléctrica
160	Sta. Guillermo Tafoya Nava	Ambiental
161	Elsa Balderas Carranza	Civil
162	Ignacio Robledo Cepeda	Sistemas
163	Francisco Tejada Nieto	Aeroespacial
164	José Eduardo Piña Menchaca	Química
165	Ester Esparza Saiz	Mecatrónica
166	Jacobo Colón Armenta	Mecánica
167	Diana Berríos Matos	Civil
168	Sr. Roberto Porras Aguirre	Aeroespacial
169	Sr. Rebeca Vanegas Zambrano	Mecánica
170	Gabriel Cornejo Casares	Mecatrónica
171	Teresa Colunga Malave	Aeroespacial
172	Rocio Alcaraz Carrero	Producción
173	Ramiro Soliz Montemayor	Ambiental
174	Gonzalo Dueñas Lomeli	Agrícola
175	Julio Alva Santana	Eléctrica
176	Nicolás Mejía Villalobos	Química
177	Sr. Adriana Murillo Curiel	Sistemas
178	Julio César Jiménez Mejía	Aeroespacial
179	Elisa Rael Patiño	Civil
180	Mario Sánchez Ponce	Agrícola
181	Sra. Elvira Nieves Holguín	Civil
182	Alberto Villaseñor Tapia	Civil
183	Daniel Padrón Negrete	Agrícola
184	Claudio Camarillo Viera	Mecatrónica
185	José Emilio Sanabria de Anda	Producción
186	Micaela Muñoz Negrete	Civil
187	Dorotea Montalvo Vanegas	Aeroespacial
188	Emilio Madera Galván	Aeroespacial
189	Óscar Valles Miranda	Agrícola
190	Susana Carrero Crespo	Mecatrónica
191	Joaquín Posada Olivo	Biomédica
192	Víctor Rosado Leyva	Producción
193	Marco Antonio Alba Mendoza	Sistemas
194	Sr. Eduardo Villaseñor Niño	Sistemas
195	Benjamín Salcido González	Eléctrica
196	Diego Ballesteros Figueroa	Sistemas
197	Víctor Corona Meléndez	Mecatrónica
198	Ester Mejía Sarabia	Mecatrónica
199	Pablo Villareal Rascón	Agrícola
200	Virginia Valencia Berríos	Civil
201	Sta. Caridad Velázquez Corona	Mecánica
202	Raquel Pichardo Rodrígez	Civil
203	María Soledad Castañeda Montemayor	Sistemas
204	Gregorio Villaseñor Perales	Aeroespacial
205	Sra. Adán Castellanos Pérez	Aeroespacial
206	Sr. Lourdes Espino Bravo	Mecánica
207	Rocio Jasso Mayorga	Biomédica
208	Carmen Almonte Cortés	Ambiental
209	José Emilio Gonzales Santiago	Civil
210	Jacobo Acuña Soria	Eléctrica
211	Rodrigo Delgadillo Archuleta	Producción
212	Isabel Jiménez Lara	Producción
213	Sergio Cardenas Girón	Eléctrica
214	Sr. Andrés Rubio Guerra	Agrícola
215	Gerardo Vera Cervántez	Química
216	Catalina Mora Venegas	Mecatrónica
217	Sta. Elisa Matos Iglesias	Mecatrónica
218	Caridad Loya Alemán	Aeroespacial
219	Octavio Razo Moya	Ambiental
220	Catalina Agosto Peres	Biomédica
221	Cristobal Muñoz Bahena	Biomédica
222	Micaela Castellanos Sauceda	Biomédica
223	Marcela Mojica León	Ambiental
224	José Luis Grijalva Madrigal	Ambiental
225	Natalia Rael Roque	Mecatrónica
226	Dorotea Arguello Sotelo	Ambiental
227	Jerónimo Carrillo Zúñiga	Eléctrica
228	Eloisa Montoya Delarosa	Química
229	Fernando Elizondo Escamilla	Ambiental
230	Sta. Mariana Marroquín Madera	Agrícola
231	Marilu Granados Nava	Sistemas
232	Caridad Armendáriz Vergara	Mecatrónica
233	Leticia Sosa Cano	Química
234	Lorena Trujillo Ontiveros	Biomédica
235	Sra. Nicolás Cintrón Abrego	Agrícola
236	Sta. Fernando Cervántez Alcala	Mecánica
237	María Jaimes Zavala	Civil
238	Sra. Homero Sáenz Tórrez	Aeroespacial
239	Andrea Cintrón Montez	Eléctrica
240	Clemente Miranda Tello	Eléctrica
241	Isabela de Jesús Ibarra	Aeroespacial
242	Lourdes Barrientos Terán	Eléctrica
243	Emilio Gallardo Rodarte	Biomédica
244	Elvira Díaz Lemus	Eléctrica
245	Manuel Reyes Pedraza	Mecánica
246	Sta. Andrés Lira Madrid	Aeroespacial
247	Juan Carlos Salcedo Alemán	Química
248	José García Samaniego	Producción
249	Bernardo Patiño Naranjo	Química
250	Armando Santana Escobedo	Aeroespacial
251	Sra. Carla Cotto Delafuente	Eléctrica
252	Marcos Negrete Ríos	Ambiental
253	Leonor Rico Tejada	Aeroespacial
254	Carlos Rojas Ornelas	Sistemas
255	Esperanza Badillo Alicea	Agrícola
256	José Emilio Muñoz Alva	Biomédica
257	Elvira Ledesma Laureano	Sistemas
258	Cecilia Mireles Aguilera	Química
259	Rosalia Colón Partida	Sistemas
260	Carla Ortega Chavarría	Química
261	Andrés Patiño Rivero	Química
262	Andrea Cardenas Alanis	Agrícola
263	Sta. Diana Olvera Lovato	Mecatrónica
264	Hernán Delao Salazar	Producción
265	Teodoro Ocampo Anguiano	Biomédica
266	Gloria Cano Moya	Biomédica
267	Sra. Sara Leyva Carrasquillo	Agrícola
268	Benito Naranjo Domínguez	Ambiental
269	Sra. Claudia Berríos Echevarría	Agrícola
270	Patricio Rivera Manzanares	Producción
271	Alfredo Manzanares Alonso	Eléctrica
272	Sta. Manuela Godínez Cano	Ambiental
273	Rafael Ozuna Salcido	Mecatrónica
274	Raúl Escalante Irizarry	Sistemas
275	Rosario Hurtado Zúñiga	Ambiental
276	Emilio Tapia Zaragoza	Agrícola
277	Carlos Cabán Venegas	Producción
278	Sra. Leticia Guillen Tejeda	Agrícola
279	Antonia Cavazos Ureña	Eléctrica
280	Pilar Griego Oquendo	Ambiental
281	Sra. Gloria Tijerina Alvarez	Civil
282	Sr. Carlos Luna Treviño	Aeroespacial
283	Amalia Sevilla Beltrán	Mecánica
284	Sra. Marisol Parra Barraza	Agrícola
285	Susana Quintanilla Salcedo	Agrícola
286	Sr. Miguel Ángel Madrid Cantú	Mecánica
287	Sra. María Soledad Baeza Quintana	Ambiental
288	Antonio Macías Collazo	Mecánica
289	Guillermina Moreno Delgado	Agrícola
290	Luis Martínez Berríos	Aeroespacial
291	Soledad Padrón Lira	Producción
292	Gabriel Briones Sánchez	Biomédica
293	Sta. Gloria Barragán Ledesma	Mecatrónica
294	Julio Salgado Barrios	Química
295	Sr. Margarita Maestas Jaramillo	Agrícola
296	Sta. Luis Valdez Piña	Eléctrica
297	Ignacio Portillo Valladares	Mecatrónica
298	Sergio Almaraz Delafuente	Mecánica
299	Barbara Ybarra Ceballos	Sistemas
300	Sta. Yolanda Márquez Riojas	Biomédica
301	Rocio Véliz Vanegas	Producción
302	Magdalena Santillán Centeno	Eléctrica
303	Silvia Quiroz Palomino	Producción
304	Sofia Sotelo Ballesteros	Aeroespacial
305	Sta. Magdalena Serrano Berríos	Aeroespacial
306	Juan Carlos Gallardo Agosto	Producción
307	Sra. Jacobo Montalvo Rivas	Civil
308	Mateo Armijo Escamilla	Eléctrica
309	Jaime Mondragón Prado	Sistemas
310	Gregorio Castañeda Salgado	Biomédica
311	Ariadna Monroy Briseño	Mecánica
312	Sra. Marcos Cabán Pelayo	Sistemas
313	Jerónimo Matías Almanza	Eléctrica
314	Alfredo Serrato Barreto	Civil
315	Sta. Isabel Robledo Alanis	Mecánica
316	Concepción Mercado Sánchez	Biomédica
317	Sancho Trujillo Alcala	Biomédica
318	Sr. Elsa Sandoval Quintero	Biomédica
319	Sta. Miguel Rendón Alcaraz	Sistemas
320	Sr. Pilar Alemán Granado	Biomédica
321	Jerónimo Preciado Domínguez	Mecatrónica
322	Soledad Flores Ontiveros	Eléctrica
323	Ana Luisa Valentín Calderón	Civil
324	Martín Pineda Tafoya	Ambiental
325	Silvia Núñez Naranjo	Sistemas
326	Gabriela Ferrer Montenegro	Civil
327	Sr. Silvia Guevara Deleón	Producción
328	Ernesto Nevárez Gallegos	Aeroespacial
329	Sra. Guillermo Batista Camacho	Mecánica
330	Mayte Maldonado Hidalgo	Aeroespacial
331	Rocio Negrete Atencio	Agrícola
332	Carlos Colón Loera	Biomédica
333	Felipe Coronado Bustamante	Biomédica
334	Sr. Gloria Trejo Ortiz	Biomédica
335	Jacobo Galarza Negrón	Agrícola
336	Esteban Segovia Vásquez	Ambiental
337	Patricio Rolón Viera	Mecatrónica
338	Ramiro Benítez Orta	Civil
339	María José Salcedo Araña	Producción
340	María Luisa Molina Hinojosa	Ambiental
341	Sta. Enrique Ibarra Abreu	Sistemas
342	Alfredo Almanza Delagarza	Mecánica
343	Lorena Puga Zepeda	Química
344	Estela Galarza Llamas	Mecatrónica
345	Rosa Zapata Ojeda	Ambiental
346	Dolores Malave Candelaria	Agrícola
347	Julio César Pedroza Calvillo	Ambiental
348	Lucas Nazario Carrion	Biomédica
349	Marcos Padrón Burgos	Sistemas
350	Ignacio Esquibel Zarate	Producción
351	Julio Vallejo Sánchez	Agrícola
352	Sta. Natalia Maestas Meza	Producción
353	Gonzalo Vargas Villareal	Eléctrica
354	Manuel Almanza Espinal	Eléctrica
355	Diana Samaniego Miramontes	Producción
356	José Lucio Mota	Aeroespacial
357	Ramón Castañeda Valles	Aeroespacial
358	Claudia Esparza Arreola	Agrícola
359	Julio Aponte Vega	Química
360	Blanca Vega Rivera	Aeroespacial
361	Luz Zaragoza Armenta	Producción
362	Rosario Alaniz Ramón	Ambiental
363	Tomás Angulo Pineda	Sistemas
364	Daniela Perea Linares	Sistemas
365	Jorge Guzmán Rendón	Ambiental
366	Sta. Cristian Sáenz Pineda	Química
367	María Urrutia Ureña	Aeroespacial
368	Lucas Prado Meléndez	Mecánica
369	Gloria Carmona Alvarez	Sistemas
370	Eva Tello Nieves	Eléctrica
371	Andrés Mora Gamboa	Química
372	Lilia Peña Tamez	Sistemas
373	Carlos Barrientos Polanco	Civil
374	Beatriz Sáenz Haro	Mecánica
375	Cristian Lomeli Jáquez	Producción
376	Isabel Samaniego Armijo	Mecatrónica
377	Ignacio Páez Roybal	Producción
378	Sra. Adriana Pagan Saucedo	Química
379	Timoteo Lozada Rentería	Eléctrica
380	Ramiro Santana Godínez	Sistemas
381	Sta. Elsa Anguiano Quesada	Eléctrica
382	Jorge Vázquez Arreola	Eléctrica
383	Sr. Eloisa Borrego Collazo	Producción
384	Micaela Cano Almonte	Mecánica
385	Manuela Muñiz Arguello	Mecánica
386	Claudio Cedillo Pacheco	Ambiental
387	Enrique Ramón Garay	Producción
388	Elsa Lugo Monroy	Biomédica
389	César Marrero Alcaraz	Agrícola
390	Sr. Gonzalo Domínguez Rojo	Ambiental
391	Gabriel Villalobos Jiménez	Agrícola
392	Victoria Collazo Gutiérrez	Mecánica
393	Germán Sanches León	Ambiental
394	Luis Miguel Menéndez Madrigal	Aeroespacial
395	María Elena Ayala Armendáriz	Ambiental
396	Sr. Alejandra Galindo Valencia	Producción
397	Laura Puente Armendáriz	Ambiental
398	Sta. María del Carmen Rivas Regalado	Mecatrónica
399	Roberto Delgado Tórrez	Aeroespacial
400	Gabriel Valenzuela Escalante	Mecánica
401	David Barela Mojica	Agrícola
402	Sr. María del Carmen Guardado Holguín	Aeroespacial
403	Isabel Segovia Nava	Aeroespacial
404	Elsa Solorzano Roque	Biomédica
405	Marco Antonio Varela Esquibel	Biomédica
406	Adriana Casárez Carranza	Biomédica
407	Estela Tamayo Saavedra	Mecánica
408	Sancho Ochoa Alcaraz	Eléctrica
409	Carlos Paredes Saldivar	Sistemas
410	Sonia Echevarría Monroy	Agrícola
411	Felipe Serna Perea	Aeroespacial
412	Carlota Valadez Márquez	Mecatrónica
413	Rodrigo Acosta Villagómez	Aeroespacial
414	Estela Delagarza Sánchez	Mecánica
415	Bernardo Bahena Tapia	Ambiental
416	Sra. Adán Regalado Meraz	Biomédica
417	Susana Arreola Hurtado	Mecánica
418	Sta. Raúl Quintanilla Martínez	Aeroespacial
419	María del Carmen Montero Molina	Agrícola
420	Lourdes Sepúlveda Moreno	Sistemas
421	Ángela Alonso Uribe	Aeroespacial
422	Magdalena Zayas Montemayor	Aeroespacial
423	Sta. Rosario Rocha Arce	Biomédica
424	Catalina Ruiz Rangel	Mecánica
425	Sra. Lilia Chavarría Urías	Ambiental
426	Gregorio Arredondo Véliz	Química
427	Isabel Torres Alvarado	Agrícola
428	María Elena Lebrón Arenas	Producción
429	Sta. Adriana Valdez Apodaca	Eléctrica
430	María Elena Arriaga Briones	Mecánica
431	Fernando Mireles Romo	Civil
432	Marcela Duarte Trejo	Civil
433	Joaquín Orta Calderón	Química
434	Mayte Ocasio Gutiérrez	Mecánica
435	Elsa Rentería Pérez	Aeroespacial
436	Dolores Barela Molina	Aeroespacial
437	Lilia Terrazas Calderón	Química
438	Emilio Gamez Cepeda	Sistemas
439	Clara Vanegas Viera	Biomédica
440	Sra. Rodrigo Mejía Villalobos	Civil
441	Luis Orosco Ojeda	Ambiental
442	Leonor Villaseñor Chacón	Química
443	Gerardo Parra Saldaña	Eléctrica
444	Sta. Marcela Hinojosa Armenta	Química
445	Sta. Berta Iglesias de Anda	Química
446	Julia Muro Leyva	Sistemas
447	Sta. Raquel Porras Cabrera	Civil
448	Gonzalo Caraballo Escamilla	Mecatrónica
449	Víctor Espinoza Patiño	Agrícola
450	Gregorio Castro Pelayo	Aeroespacial
451	Laura Ornelas Contreras	Ambiental
452	Verónica Torres Vélez	Biomédica
453	Guadalupe Beltrán Rubio	Química
454	José Emilio Cadena Ramírez	Ambiental
455	Beatriz Ávila Loera	Mecatrónica
456	Claudio Alcántar Duran	Química
457	Sta. Guillermina Alanis Prieto	Biomédica
458	Sra. Josefina Montez Beltrán	Producción
459	Clara Toledo Linares	Química
460	Sofia Medina Carrasco	Ambiental
461	Sra. Susana Zarate Olivera	Agrícola
462	Agustín Rentería Canales	Ambiental
463	Antonio Vega Beltrán	Mecatrónica
464	Jesús Espinoza Zúñiga	Química
465	Juana Fierro Montalvo	Ambiental
466	Concepción Zapata Caldera	Civil
467	Cristina Vergara Ceja	Agrícola
468	Pedro Tejeda Robledo	Mecatrónica
469	Pablo Casárez Montes	Biomédica
470	Guadalupe Herrera Alanis	Mecánica
471	Sta. Gregorio Angulo Gallardo	Mecatrónica
472	Francisco Montoya Vásquez	Mecánica
473	Eduardo Águilar Cadena	Química
474	Diego Beltrán Cardona	Civil
475	Gabriela Zamora Perea	Sistemas
476	Luis Valencia Cruz	Mecatrónica
477	Natalia Adame Sedillo	Eléctrica
478	Arturo Sandoval Delagarza	Producción
479	Caridad Moreno Cepeda	Química
480	Concepción Ramírez Medrano	Química
481	Yolanda Rosales Rincón	Sistemas
482	Armando Vanegas Rincón	Química
483	Rocio Téllez Navarrete	Sistemas
484	Dolores Madera Cervántez	Agrícola
485	Roberto Gurule Marín	Eléctrica
486	Sr. Miguel Verdugo Botello	Producción
487	César Cardenas Calderón	Ambiental
488	Eduardo Hernádez Fonseca	Aeroespacial
489	María Cristina Ávila Cerda	Ambiental
490	María Teresa Reyes Ledesma	Biomédica
491	Margarita Cantú Curiel	Ambiental
492	Jaime Delapaz Santacruz	Eléctrica
493	Ramona Melgar Ozuna	Sistemas
494	Sra. Daniela Mondragón Rangel	Agrícola
495	Mayte Zarate Galarza	Aeroespacial
496	Marcos Carrasco Cepeda	Mecánica
497	Sra. Alejandra Borrego Rodrígez	Eléctrica
498	Claudia Linares Venegas	Eléctrica
499	Victoria Guardado Cornejo	Eléctrica
500	Maricarmen Baeza Prieto	Aeroespacial
501	Gilberto Ocampo Armijo	Producción
502	Elvira Robledo Gamboa	Eléctrica
503	Guillermo Irizarry Hernandes	Aeroespacial
504	Gilberto Granado Valencia	Ambiental
505	Jesús Vaca Serna	Mecatrónica
506	Antonia Macías Benavídez	Sistemas
507	María José Dueñas Valles	Aeroespacial
508	Dorotea Alba Páez	Ambiental
509	Adán Bravo Rivero	Civil
510	María Soledad Delarosa Rascón	Química
511	Norma Arias Ramos	Biomédica
512	Virginia Pabón Luevano	Aeroespacial
513	Eduardo Anguiano Viera	Producción
514	Jacobo Galván Ybarra	Ambiental
515	Guillermina Gamez Aponte	Mecánica
516	Sra. Norma Llamas Ponce	Aeroespacial
517	Cecilia Corrales Matos	Aeroespacial
518	Caridad Sepúlveda Duarte	Mecánica
519	Ana María Ávila Ulloa	Biomédica
520	Eduardo Abreu Patiño	Producción
521	Julia Olivas Alcaraz	Eléctrica
522	Claudia Zúñiga Marrero	Mecánica
523	María Luisa Pineda Vargas	Mecatrónica
524	Clemente Arenas Peña	Aeroespacial
525	Gerardo Viera Mercado	Eléctrica
526	Ramón Ocasio Avilés	Sistemas
527	Cecilia Carbajal Fierro	Agrícola
528	Jorge Calderón Monroy	Eléctrica
529	Berta Heredia Sedillo	Mecatrónica
530	Sra. Benjamín Mejía Elizondo	Mecatrónica
531	Cecilia Benavídez Santillán	Biomédica
532	Leticia Carreón Alcaraz	Ambiental
533	Reina Padrón Caraballo	Ambiental
534	Carlos Arellano Miranda	Sistemas
535	Leonor Garrido Castro	Aeroespacial
536	Sergio Quiroz Duran	Mecatrónica
537	Carmen Collado Aponte	Agrícola
538	Carla Montenegro Delvalle	Mecánica
539	María Soliz Quesada	Biomédica
540	Jorge Zúñiga Olvera	Sistemas
541	Claudio Maya Colón	Producción
542	Carla Jurado Trujillo	Producción
543	Ramón Ornelas Saldivar	Producción
544	Rubén Amador Prieto	Biomédica
545	Sr. Florencia Orta Lucio	Civil
546	Jorge Luis Camarillo Balderas	Química
547	Sra. Ariadna Cordero Verduzco	Mecánica
548	Miguel Manzanares Suárez	Química
549	Gabriela Correa Mora	Producción
550	Ana María Mata Espinal	Biomédica
551	Teodoro Pacheco Muñiz	Agrícola
552	Adán Garay Córdova	Química
553	Germán Duran Espinal	Civil
554	Ana Luisa Hurtado Ortega	Mecánica
555	Cristobal Montenegro Ramírez	Civil
556	Sra. María Cristina Saucedo Padrón	Producción
557	Sra. Ana Luisa Gonzales Salgado	Eléctrica
558	Daniel Delatorre Jasso	Biomédica
559	Sta. Magdalena Leyva Aranda	Mecánica
560	Sta. Elsa Rangel Aparicio	Aeroespacial
561	Sr. Homero Sáenz Molina	Producción
562	Diana Ballesteros Delao	Civil
563	Raquel Herrera Carreón	Química
564	Federico Crespo Mata	Aeroespacial
565	Sra. Bernardo Trujillo Padrón	Ambiental
566	Sra. Estela Mota Ibarra	Agrícola
567	Sra. Guillermina Borrego Jaramillo	Mecatrónica
568	Sr. Andrea Castillo Fernández	Aeroespacial
569	Gerardo Portillo Duarte	Mecánica
570	Elvira Colón Madera	Mecánica
571	Alfonso Uribe Lebrón	Eléctrica
572	Roberto Gonzales Vera	Química
573	Julia Berríos Loya	Eléctrica
574	Julio Montemayor Ávalos	Producción
575	Sta. César Arellano Véliz	Producción
576	Mario Nieto Piña	Sistemas
577	Marcela Miranda Contreras	Sistemas
578	Sr. Daniel Beltrán Candelaria	Ambiental
579	Marcos Lara Jasso	Mecatrónica
580	Gustavo Toro Guerra	Agrícola
581	Luis Miguel Lucio Ceja	Mecatrónica
582	Tomás Caballero Lara	Sistemas
583	Mariano Padilla Jasso	Aeroespacial
584	Carlota Carrero Carreón	Aeroespacial
585	María Cristina Elizondo Aranda	Civil
586	Sta. Lola Figueroa Garrido	Aeroespacial
587	Sta. Alejandra Macías Quintero	Mecatrónica
588	Daniela Altamirano Villarreal	Eléctrica
589	Clemente Delvalle Magaña	Agrícola
590	Ana María Padilla Echevarría	Química
591	Tomás Padrón Bravo	Aeroespacial
592	Sta. Leticia Prado Chavarría	Sistemas
593	Gabriel Garay Badillo	Civil
594	Barbara Anaya Quezada	Eléctrica
595	Andrés Ureña Aponte	Producción
596	Luz Quesada Ceja	Eléctrica
597	Sra. Gabriela Delacrúz Ordóñez	Ambiental
598	Sta. Sonia Gastélum Delacrúz	Química
599	Dolores Mota Barreto	Mecánica
600	Sr. Armando Reyes Zamora	Sistemas
601	José María Lomeli Terán	Química
602	Beatriz Velásquez Posada	Eléctrica
603	Timoteo Lira Nava	Agrícola
604	Reina Arreola Valdés	Civil
605	Carolina Estrada Luevano	Sistemas
606	Jerónimo Patiño Cabán	Ambiental
607	Débora Alcaraz Tafoya	Química
608	Sr. Cristobal Medrano Elizondo	Aeroespacial
609	Yolanda Casares Bravo	Biomédica
610	Andrea Cuellar Pulido	Eléctrica
611	Luz Rodarte Casas	Civil
612	Enrique Arevalo Mora	Agrícola
613	Lucas Fernández Segovia	Eléctrica
614	Cristian Villa Curiel	Eléctrica
615	Berta Téllez Cantú	Biomédica
616	María Elena Viera Rivera	Biomédica
617	Reina Escamilla Batista	Mecánica
618	Sta. Gloria Jáquez Serrano	Agrícola
619	Lucia Ávila Zúñiga	Biomédica
620	Rosario Trujillo Terrazas	Aeroespacial
621	Emilia Tejada Mireles	Producción
622	Carmen Alanis Henríquez	Eléctrica
623	Mateo Arteaga Alarcón	Producción
624	Guillermina Nieves Estrada	Agrícola
625	Sr. Magdalena Lerma Amaya	Ambiental
626	Sara Cazares Apodaca	Aeroespacial
627	Miguel Ángel Rico Ontiveros	Biomédica
628	Lucas Luna Guzmán	Agrícola
629	Sr. Silvia Araña Manzanares	Civil
630	Ignacio Deleón Muro	Aeroespacial
631	Sta. Gerardo Rendón Tirado	Aeroespacial
632	Sr. Clemente Arias Quintero	Sistemas
633	Roberto Marín Díaz	Biomédica
634	Mercedes Manzanares Chacón	Eléctrica
635	Débora Solano Salazar	Química
636	Mariano Carrillo Guajardo	Ambiental
637	Sra. Rafael Casillas Briones	Civil
638	Daniel Collado Urbina	Producción
639	Sra. Mario Granados Rico	Sistemas
640	Patricia Jaimes Vega	Civil
641	Ester Mota Quesada	Producción
642	Joaquín Banda Delarosa	Aeroespacial
643	Martín Naranjo Camarillo	Aeroespacial
644	Pedro Villareal Gollum	Biomédica
645	Guadalupe Solano Segura	Mecatrónica
646	Rosalia Altamirano Granado	Química
647	Sr. Luis Ceja Caraballo	Química
648	Sra. Eduardo Regalado Hurtado	Producción
649	Cristina Bonilla Espinosa	Mecánica
650	Sra. Esteban Magaña Bonilla	Eléctrica
651	Natalia Delacrúz Carrera	Mecatrónica
652	Lorena Monroy Arroyo	Biomédica
653	Tomás Tirado Ureña	Química
654	María Luisa Coronado Palomino	Civil
655	Rebeca Bahena Godoy	Sistemas
656	Esperanza Patiño Nájera	Biomédica
657	Carlos Patiño Abrego	Biomédica
658	Enrique Gaytán Márquez	Agrícola
659	Raúl Rocha Pulido	Agrícola
660	Miguel Ángel Nieves Palomino	Mecatrónica
661	Sr. Marilu Quiroz Arriaga	Sistemas
662	Raúl Montoya Madera	Mecánica
663	Dolores Trujillo Montaño	Mecánica
664	Homero Molina Rocha	Sistemas
665	Sta. Mario Cepeda Matos	Civil
666	Sta. Francisco Carranza Mascareñas	Química
667	Sta. Martín Robles Mercado	Civil
668	Reina Alvarado Ojeda	Agrícola
669	Carmen Galván Galván	Química
670	Sra. Elsa Camacho Salas	Sistemas
671	Sta. Ester Campos Saldivar	Mecatrónica
672	Juan Barreto Mora	Agrícola
673	Luis Miguel Fernández Apodaca	Sistemas
674	Carlota Arenas Macías	Civil
675	Teresa Zaragoza Ordóñez	Ambiental
676	Yolanda Juárez Cerda	Eléctrica
677	Felipe Irizarry Esparza	Civil
678	María Eugenia Roybal Amaya	Biomédica
679	Anita Montaño Orellana	Biomédica
680	Juana Bernal Aguayo	Biomédica
681	Clara Ozuna Contreras	Sistemas
682	Alfredo Lemus Cintrón	Mecánica
683	Cristina Cortez León	Sistemas
684	Jaime Ureña Gastélum	Producción
685	Guillermina Girón Marroquín	Agrícola
686	Sr. Sergio Piña Paredes	Eléctrica
687	Cecilia Venegas González	Producción
688	Olivia Cisneros Arenas	Sistemas
689	Sta. Guillermo Ochoa Delvalle	Mecánica
690	Sta. Rubén Leiva Treviño	Civil
691	Sta. Ramiro Muro Maya	Civil
692	Armando Nieves Alba	Aeroespacial
693	Soledad Esparza Orta	Aeroespacial
694	Magdalena Medina Cruz	Mecánica
695	Sta. Barbara Rolón Navarrete	Mecánica
696	Micaela Alvarez Puente	Biomédica
697	Sr. Juan Carlos Espinal Luevano	Química
698	Jorge Melgar Muñoz	Eléctrica
699	David Delagarza Puga	Agrícola
700	Felipe Arenas Sanches	Mecatrónica
701	María Teresa Espinoza Gil	Sistemas
702	Lucas Lucio Franco	Agrícola
703	Ana María Ramírez Arteaga	Química
704	Berta Rodarte Rico	Producción
705	Agustín Rocha Cervántez	Mecánica
706	Marco Antonio Covarrubias Ceballos	Agrícola
707	Joaquín Vega Muñiz	Agrícola
708	Hernán Peres Pedroza	Aeroespacial
709	Rosalia Grijalva Salazar	Ambiental
710	Alberto Gutiérrez Valentín	Mecatrónica
711	Sta. Carlos Barreto Barrios	Aeroespacial
712	César Galván Arredondo	Biomédica
713	Rafael Leal Mateo	Mecatrónica
714	Ignacio Olivera Alva	Agrícola
715	Roberto Villalobos Torres	Biomédica
716	Antonio Zarate Rincón	Biomédica
717	Lucia Delarosa Rubio	Agrícola
718	Claudio Jiménez Avilés	Aeroespacial
719	Anita Mena Fuentes	Ambiental
720	Silvia Marrero Olivares	Ambiental
721	Jacobo Peña Garrido	Civil
722	María Luisa Roybal Roldán	Química
723	Laura Morales Prado	Civil
724	Adela Escobar Matías	Aeroespacial
725	Lorena Ojeda Rosado	Sistemas
726	Sergio Ferrer Fierro	Química
727	Ramiro Ballesteros Barrios	Sistemas
728	Sta. Rosalia Ojeda Puente	Eléctrica
729	Mariano Alvarado Zayas	Biomédica
730	Guadalupe Casares Soto	Química
731	Guillermo Mota Peralta	Aeroespacial
732	Dolores Delacrúz Rael	Mecánica
733	David Saucedo Vélez	Aeroespacial
734	Marisol Arellano Mota	Biomédica
735	Sra. Vicente Lugo Varela	Eléctrica
736	Yolanda Varela Cornejo	Mecatrónica
737	José Eduardo Gollum Carbajal	Producción
738	Julio César Solorio Páez	Agrícola
739	Caridad Lovato Gálvez	Eléctrica
740	Óscar Rivas Terrazas	Biomédica
741	Guillermina Barreto Manzanares	Sistemas
742	Roberto Colón Haro	Sistemas
743	Carolina Quiñónez Pulido	Producción
744	Alejandro Verduzco Roque	Mecatrónica
745	Miguel Ángel Mercado Mondragón	Aeroespacial
746	Sta. Graciela Duarte Solorio	Biomédica
747	Gabriel Santana Velasco	Agrícola
748	María Soledad de Anda López	Biomédica
749	Arturo Arteaga Cavazos	Biomédica
750	Jesús Soria Delao	Sistemas
751	Isabel Córdova de Anda	Aeroespacial
752	Teodoro Casillas García	Química
753	Ana Collado Orosco	Biomédica
754	Federico Terán Nazario	Civil
755	Rebeca Briones Delacrúz	Aeroespacial
756	Anita Fuentes Valdivia	Biomédica
757	Irene Gaitán Escamilla	Mecánica
758	Alejandra Salcedo Preciado	Biomédica
759	María Cedillo Palomino	Sistemas
760	Laura Ontiveros Benavídez	Civil
761	Carla Terán Valverde	Civil
762	Raúl Navarro Delgado	Ambiental
763	Sofia Quintero Valencia	Mecatrónica
764	María José Salcedo Quintero	Sistemas
765	Bernardo Dávila Jaime	Sistemas
766	María Teresa Mesa Ramos	Ambiental
767	Lilia Arias Longoria	Civil
768	Sra. Gregorio Ferrer Ybarra	Producción
769	Sr. Alejandro Jimínez Baeza	Ambiental
770	Sr. Jorge Luis Casas Mora	Producción
771	Enrique Páez Baca	Sistemas
772	Santiago Nevárez Aragón	Sistemas
773	Sr. Jaime Meraz Curiel	Mecatrónica
774	Verónica Rosales Escobedo	Mecatrónica
775	Sr. Ramón Marrero Pelayo	Química
776	Alejandro Santana Balderas	Producción
777	Adán Bétancourt Lozada	Eléctrica
778	Raquel Cervantes Navarro	Agrícola
779	Gerardo Montañez Magaña	Aeroespacial
780	Daniela Arce Ojeda	Mecánica
781	María Luisa Castro Delagarza	Química
782	Cristobal Madrigal Roque	Agrícola
783	Javier Venegas Navarro	Mecánica
784	Carolina Blanco Covarrubias	Mecánica
785	Carmen Guzmán Báez	Eléctrica
786	Margarita Fierro Camarillo	Eléctrica
787	Francisco Tirado Luna	Aeroespacial
788	Sta. Maricarmen Acosta Arevalo	Biomédica
789	Elisa Magaña Sánchez	Agrícola
790	Clemente Barajas Rosas	Mecánica
791	Antonio Limón Griego	Eléctrica
792	Salvador Anguiano Adorno	Producción
793	Elvira Gaytán Aguirre	Mecánica
794	Anita Cazares Alarcón	Producción
795	Mercedes Gallardo Zapata	Producción
796	Mayte Miramontes Chavarría	Eléctrica
797	Sra. Sergio Roque Loera	Ambiental
798	Mónica Cabrera Collado	Sistemas
799	Arturo Armas Montez	Civil
800	Sra. Manuela Verduzco Mora	Civil
801	Concepción Gamboa Barreto	Agrícola
802	Guadalupe Aponte Carrero	Ambiental
803	Sr. Elsa Nájera Almaraz	Mecatrónica
804	Sonia Suárez Rosas	Mecatrónica
805	Timoteo Moya Leiva	Aeroespacial
806	Sr. José Emilio Campos Ibarra	Mecánica
807	Barbara Cruz Candelaria	Sistemas
808	Mayte Montoya Huerta	Sistemas
809	Graciela Sauceda Hernández	Producción
810	Sta. Maricarmen Navarro Gaona	Eléctrica
811	Florencia Delvalle Quintero	Eléctrica
812	Sra. Francisco Soto Gollum	Ambiental
813	Felipe Robledo Lugo	Aeroespacial
814	Luz Becerra Duarte	Mecánica
815	Sr. Eva Orozco Madrigal	Química
816	Ramón Gómez Bañuelos	Producción
817	Manuela Canales Guevara	Agrícola
818	Sr. Germán Alarcón Juárez	Química
819	Jerónimo Carrion Correa	Mecánica
820	Miguel Domínquez Farías	Ambiental
821	Miguel Ángel Gastélum Padrón	Agrícola
822	Homero Villaseñor Ordóñez	Eléctrica
823	Andrea Arriaga Colón	Ambiental
824	Laura Portillo Quiñónez	Química
825	Rosa Salgado Carvajal	Mecatrónica
826	Manuel Quesada Atencio	Civil
827	Ester Colón Márquez	Biomédica
828	María Eugenia Aguayo Juárez	Aeroespacial
829	Adriana Nieto Leiva	Agrícola
830	Pablo Granado Acuña	Aeroespacial
831	Horacio Toledo Irizarry	Civil
832	Gilberto Mojica Jiménez	Civil
833	Adela Collazo Abrego	Ambiental
834	Teodoro Hinojosa Casas	Agrícola
835	Sr. Leonor Delafuente Castañeda	Agrícola
836	Sonia Téllez Blanco	Producción
837	Sra. Gonzalo Huerta Ramón	Aeroespacial
838	Inés Rosado Rosales	Producción
839	Benito Quiñones Orellana	Eléctrica
840	Magdalena Ponce Zamudio	Mecatrónica
841	Elisa Jaramillo Escalante	Química
842	Esteban Gil Bravo	Mecánica
843	Rosa Saiz Arce	Agrícola
844	Armando Delrío Bonilla	Ambiental
845	Cristian Díaz Anaya	Civil
846	Sta. Gregorio Rosado Zayas	Química
847	Rosalia Medina Valdez	Biomédica
848	Juan Montoya Fuentes	Mecánica
849	Federico Méndez Ortiz	Sistemas
850	Federico Valdivia Calvillo	Eléctrica
851	Samuel Heredia Valadez	Producción
852	Jorge Luis Ordóñez Godínez	Biomédica
853	Marcos Casas Hurtado	Civil
854	Hugo Vaca Ponce	Mecatrónica
855	Alejandra Roybal Fajardo	Ambiental
856	Virginia Olmos Espino	Ambiental
857	Isabela Camacho Feliciano	Agrícola
858	Hugo Guerrero Collazo	Eléctrica
859	Marco Antonio Alaniz Pichardo	Producción
860	Sta. Juan Mata Alvarado	Biomédica
861	Sr. Antonio Pizarro Guajardo	Mecánica
862	Alfredo Batista Covarrubias	Aeroespacial
863	Julio César Guerrero Corral	Agrícola
864	Sra. Caridad Limón Berríos	Sistemas
865	Alejandro Ponce Segovia	Mecatrónica
866	Natalia Paredes Aguilera	Civil
867	Miguel Lugo Ríos	Química
868	Sra. Diego Santacruz Soria	Biomédica
869	Luis Miguel Montemayor Feliciano	Mecánica
870	Ernesto Armas Colunga	Química
871	Sta. Eduardo Marrero Camacho	Sistemas
872	Elsa Delatorre Chacón	Eléctrica
873	Lorena Verduzco Alejandro	Eléctrica
874	Sta. Samuel Hernández Maya	Civil
875	Lorenzo Espinal Lemus	Mecatrónica
876	Santiago Palacios Bétancourt	Mecánica
877	Sra. Alfonso Arreola Ordóñez	Ambiental
878	Silvia Pedraza Segura	Ambiental
879	Sr. Timoteo Briones Olivera	Química
880	Nicolás Batista Peralta	Civil
881	Miguel Porras Mireles	Biomédica
882	Sancho Alcaraz Cadena	Civil
883	Carla Márquez Delvalle	Eléctrica
884	Sra. Horacio Nájera Núñez	Sistemas
885	Juana Carrion Delgado	Mecánica
886	Esteban Zelaya Cuellar	Mecánica
887	Luisa Serrato Garrido	Civil
888	Victoria Nazario Urías	Eléctrica
889	Manuela Brito Ozuna	Mecánica
890	Vicente Farías Lemus	Química
891	Luis Arias Esquivel	Ambiental
892	Alicia Batista Rojas	Civil
893	Agustín Peña de Anda	Agrícola
894	Martín Ceja Segura	Producción
895	Marta Contreras Bañuelos	Mecánica
896	Marcos Armas Becerra	Química
897	Dorotea Pacheco Rocha	Mecánica
898	Rodrigo Soto Gálvez	Mecánica
899	Julio César Cano Rodríguez	Ambiental
900	Gregorio Gálvez Crespo	Sistemas
901	Sr. Lola Cervantes Montero	Mecatrónica
902	Sancho Quesada Sáenz	Ambiental
903	Débora Gutiérrez Echevarría	Ambiental
904	Esteban Delapaz Alejandro	Ambiental
905	Joaquín Ochoa Ramos	Eléctrica
906	Francisco Rodríquez Gastélum	Ambiental
907	Agustín Curiel Zapata	Química
908	Julio Benavídez Saldaña	Mecatrónica
909	Ramiro Delatorre Niño	Agrícola
910	Marilu Jáquez Sevilla	Ambiental
911	Claudio Samaniego Grijalva	Biomédica
912	Sr. Andrea Rivera Bueno	Agrícola
913	Guillermo Hernandes Padilla	Aeroespacial
914	Luisa Cerda Garrido	Mecatrónica
915	Sra. José María Solorio Ornelas	Aeroespacial
916	Silvia Arguello Quintero	Ambiental
917	Lucas Mota Haro	Agrícola
918	Óscar Atencio Ochoa	Sistemas
919	Sancho Noriega Armijo	Química
920	Mario Ávila Fernández	Eléctrica
921	Mónica Saavedra Soliz	Ambiental
922	Rosa Altamirano Sánchez	Producción
923	Jerónimo Rodríguez Abrego	Civil
924	Dolores Solorzano Barajas	Sistemas
925	María José Pizarro Iglesias	Sistemas
926	Eloisa Samaniego Almaraz	Eléctrica
927	Jesús Villegas Delafuente	Biomédica
928	Magdalena Cavazos Vergara	Biomédica
929	Inés Caraballo Macías	Aeroespacial
930	Cristian Candelaria Vásquez	Agrícola
931	Juana Tovar Salcedo	Sistemas
932	Mariano Bahena Casanova	Química
933	Emilio Delgado Terrazas	Mecánica
934	Alfonso Navarro Ybarra	Eléctrica
935	Antonio Paz Abrego	Agrícola
936	Adán Vargas Prieto	Química
937	Esperanza Verduzco Carranza	Mecatrónica
938	Javier Rosado Castro	Eléctrica
939	Lorenzo Centeno Jaimes	Aeroespacial
940	Carlota Coronado Bermúdez	Sistemas
941	Diana Muro Meza	Ambiental
942	Julio César Rivas Ontiveros	Aeroespacial
943	Sta. Mario Blanco Arellano	Biomédica
944	Juan Pedroza Leal	Ambiental
945	Maricarmen Palomo Arriaga	Mecánica
946	Manuel Feliciano Briseño	Eléctrica
947	Elena Ornelas Alaniz	Biomédica
948	Carolina Gastélum Esquivel	Mecatrónica
949	Adriana Rodrígez Gil	Química
950	Carlota Carrera Águilar	Biomédica
951	Claudio Carbajal Zepeda	Civil
952	Sr. Nicolás Barragán Manzanares	Mecánica
953	Sra. César Serrano Ocasio	Sistemas
954	Ricardo Cervántez Escalante	Biomédica
955	Jaime Laboy Ceja	Eléctrica
956	Lorena Carranza Barrios	Mecánica
957	Cristina Adame Márquez	Química
958	Sr. Silvia Gaytán Barreto	Ambiental
959	Diego Jimínez Godoy	Mecánica
960	Sta. Alejandro Cardona Arenas	Agrícola
961	Sergio Negrete Salcido	Eléctrica
962	Benito Melgar Trejo	Producción
963	Ernesto Pedroza Aragón	Civil
964	María del Carmen Loera Roldán	Mecánica
965	María Cristina Deleón Gómez	Mecatrónica
966	Rodrigo Alemán Serna	Química
967	Sra. Beatriz Guevara Puente	Sistemas
968	Sta. María Roque Cervantes	Mecánica
969	Patricio Alaniz Vergara	Eléctrica
970	Ana Ávalos Gil	Agrícola
971	Teodoro Rojas Hinojosa	Mecánica
972	Sr. Gonzalo Irizarry Bañuelos	Ambiental
973	Magdalena Fajardo Gurule	Ambiental
974	Lilia Trejo Soria	Química
975	Javier Hinojosa Lucero	Agrícola
976	Gerardo Santacruz Valladares	Agrícola
977	Sancho Miramontes Orellana	Agrícola
978	Micaela Niño Rodríguez	Eléctrica
979	Gerardo Jaimes Solorzano	Sistemas
980	Mateo Orta Olivares	Mecatrónica
981	Jaime Acuña Varela	Mecatrónica
982	Gloria Menchaca Esparza	Química
983	Bernardo Aparicio Valdés	Mecatrónica
984	Irene Sanabria Valdez	Aeroespacial
985	Salvador Garza Loera	Sistemas
986	Gerardo Trejo Ocampo	Biomédica
987	Juana Arriaga Cuellar	Producción
988	Marcos Briseño Ceja	Mecánica
989	Gustavo Soria Banda	Aeroespacial
990	Rafael Chavarría Tello	Producción
991	Sta. Eloisa Irizarry Casillas	Biomédica
992	Verónica Lozano Barrientos	Agrícola
993	Sr. Alejandro Barrientos Villagómez	Mecánica
994	Sta. Jorge Guillen Araña	Producción
995	Sta. Norma Nieto Garica	Química
996	Lorena Amador Cano	Química
997	Dorotea de Anda Limón	Biomédica
998	Julio Guevara Arenas	Agrícola
999	Adán Sosa Gonzales	Eléctrica
1000	Ester Cortés Oquendo	Ambiental
1001	Sra. Jorge Meza Sauceda	Química
1002	Mateo Pacheco Viera	Producción
\.


--
-- Name: courses_course_id_seq; Type: SEQUENCE SET; Schema: public; Owner: usuario
--

SELECT pg_catalog.setval('public.courses_course_id_seq', 10, true);


--
-- Name: professors_prof_id_seq; Type: SEQUENCE SET; Schema: public; Owner: usuario
--

SELECT pg_catalog.setval('public.professors_prof_id_seq', 7, true);


--
-- Name: registration_course_id_seq; Type: SEQUENCE SET; Schema: public; Owner: usuario
--

SELECT pg_catalog.setval('public.registration_course_id_seq', 1, false);


--
-- Name: registration_prof_id_seq; Type: SEQUENCE SET; Schema: public; Owner: usuario
--

SELECT pg_catalog.setval('public.registration_prof_id_seq', 1, false);


--
-- Name: registration_registration_id_seq; Type: SEQUENCE SET; Schema: public; Owner: usuario
--

SELECT pg_catalog.setval('public.registration_registration_id_seq', 2025, true);


--
-- Name: registration_student_id_seq; Type: SEQUENCE SET; Schema: public; Owner: usuario
--

SELECT pg_catalog.setval('public.registration_student_id_seq', 1, false);


--
-- Name: students_student_id_seq; Type: SEQUENCE SET; Schema: public; Owner: usuario
--

SELECT pg_catalog.setval('public.students_student_id_seq', 1002, true);


--
-- Name: courses courses_pkey; Type: CONSTRAINT; Schema: public; Owner: usuario
--

ALTER TABLE ONLY public.courses
    ADD CONSTRAINT courses_pkey PRIMARY KEY (course_id);


--
-- Name: professors professors_pkey; Type: CONSTRAINT; Schema: public; Owner: usuario
--

ALTER TABLE ONLY public.professors
    ADD CONSTRAINT professors_pkey PRIMARY KEY (prof_id);


--
-- Name: registration registration_pkey; Type: CONSTRAINT; Schema: public; Owner: usuario
--

ALTER TABLE ONLY public.registration
    ADD CONSTRAINT registration_pkey PRIMARY KEY (registration_id);


--
-- Name: students students_pkey; Type: CONSTRAINT; Schema: public; Owner: usuario
--

ALTER TABLE ONLY public.students
    ADD CONSTRAINT students_pkey PRIMARY KEY (student_id);


--
-- Name: registration registration_course_id_fkey; Type: FK CONSTRAINT; Schema: public; Owner: usuario
--

ALTER TABLE ONLY public.registration
    ADD CONSTRAINT registration_course_id_fkey FOREIGN KEY (course_id) REFERENCES public.courses(course_id);


--
-- Name: registration registration_prof_id_fkey; Type: FK CONSTRAINT; Schema: public; Owner: usuario
--

ALTER TABLE ONLY public.registration
    ADD CONSTRAINT registration_prof_id_fkey FOREIGN KEY (prof_id) REFERENCES public.professors(prof_id);


--
-- Name: registration registration_student_id_fkey; Type: FK CONSTRAINT; Schema: public; Owner: usuario
--

ALTER TABLE ONLY public.registration
    ADD CONSTRAINT registration_student_id_fkey FOREIGN KEY (student_id) REFERENCES public.students(student_id);


--
-- PostgreSQL database dump complete
--

